Customer_ID,Age,Gender,Region,Product_Category,Purchase_Amount_USD,Purchase_Date,Campaign,Satisfaction_Score,Returns
1,55,Female,Africa,Clothing,117.45,2025-06-17,B,5,1
2,32,Female,Asia,Toys,79.27,2025-05-04,B,2,0
3,46,Other,Europe,Toys,10.5,2025-11-26,A,4,0
4,68,Other,Europe,Toys,122.92,2025-03-17,B,4,0
5,34,Male,Asia,Electronics,64.97,2025-07-13,B,5,0
6,35,Female,Americas,Clothing,93.68,2025-10-17,B,4,0
7,36,Female,Europe,Clothing,100.03,2025-05-20,B,4,2
8,47,Male,Africa,Home,74.64,2025-09-18,A,2,0
9,48,Other,Europe,Toys,91.46,2025-04-02,B,5,0
10,50,Female,Africa,Home,71.87,2025-04-30,B,4,0
11,18,Male,Europe,Electronics,124.53,2025-09-01,A,5,0
12,54,Male,Africa,Toys,84.57,2025-08-24,B,2,0
13,58,Female,Europe,Electronics,109.42,2024-12-18,C,3,0
14,44,Other,Africa,Home,111.2,2025-05-31,A,3,0
15,23,Male,Americas,Clothing,88.51,2025-02-13,A,5,0
16,37,Female,Asia,Clothing,47.84,2025-06-13,C,4,0
17,23,Female,Africa,Home,94.95,2025-02-18,B,1,0
18,67,Male,Europe,Toys,57.96,2025-04-15,C,2,0
19,21,Female,Americas,Clothing,129.73,2025-02-25,C,2,0
20,39,Male,Europe,Clothing,6.38,2025-10-31,A,1,0
21,42,Female,Asia,Home,42.12,2025-01-17,A,4,0
22,30,Male,Africa,Clothing,43.2,2025-01-28,B,1,0
23,28,Female,Europe,Home,36.62,2025-03-02,B,2,0
24,27,Other,Asia,Toys,5.0,2025-01-09,A,3,0
25,46,Male,Americas,Home,83.12,2025-11-08,B,2,0
26,43,Male,Africa,Toys,73.8,2025-09-29,C,4,0
27,52,Female,Africa,Home,98.33,2025-06-17,B,3,0
28,59,Female,Asia,Home,138.72,2025-01-19,B,2,0
29,62,Male,Africa,Clothing,94.84,2025-05-22,C,2,0
30,65,Male,Americas,Toys,5.0,2025-09-21,C,3,1
31,26,Female,Africa,Toys,56.6,2025-01-22,C,3,0
32,36,Male,Asia,Electronics,96.29,2025-03-15,C,3,0
33,46,Male,Americas,Toys,90.34,2025-07-22,C,2,0
34,32,Male,Asia,Toys,87.72,2025-03-11,A,3,0
35,20,Female,Europe,Electronics,9.99,2025-05-15,B,2,0
36,26,Female,Americas,Toys,76.66,2025-01-12,A,3,0
37,68,Male,Americas,Home,75.84,2025-04-13,A,2,0
38,43,Female,Americas,Clothing,132.85,2025-06-01,A,3,1
39,69,Male,Europe,Toys,89.87,2025-08-05,C,5,0
40,66,Female,Africa,Home,70.66,2025-05-05,B,4,0
41,63,Male,Americas,Home,113.21,2025-09-07,B,5,0
42,50,Female,Americas,Electronics,5.0,2025-08-19,B,3,0
43,29,Female,Asia,Clothing,34.13,2025-01-04,C,2,0
44,41,Male,Europe,Electronics,156.23,2025-05-30,C,3,0
45,42,Male,Europe,Electronics,77.18,2025-11-08,B,4,0
46,30,Male,Americas,Clothing,59.18,2025-07-15,B,3,1
47,54,Male,Americas,Toys,122.99,2025-08-10,A,1,0
48,29,Male,Americas,Toys,84.01,2025-11-12,A,1,1
49,20,Male,Asia,Home,46.82,2025-04-17,A,2,0
50,59,Male,Europe,Electronics,27.02,2025-10-30,A,2,1
51,33,Female,Americas,Toys,88.6,2025-09-04,C,3,0
52,50,Female,Asia,Home,51.71,2025-10-28,A,3,0
53,48,Other,Europe,Toys,82.46,2025-08-20,A,2,0
54,32,Female,Americas,Electronics,92.62,2025-02-15,A,2,0
55,61,Male,Africa,Toys,124.36,2024-12-05,C,4,0
56,61,Female,Asia,Clothing,84.39,2025-08-21,A,2,0
57,45,Female,Asia,Clothing,61.11,2025-09-28,C,5,0
58,33,Female,Africa,Toys,26.37,2025-03-01,C,4,0
59,38,Female,Europe,Electronics,114.06,2025-09-19,C,3,0
60,50,Female,Africa,Toys,94.94,2024-12-29,C,2,0
61,45,Male,Americas,Electronics,36.65,2025-04-23,B,3,1
62,56,Male,Americas,Toys,40.16,2025-05-30,A,1,0
63,38,Male,Europe,Home,106.3,2025-03-28,C,4,0
64,35,Male,Americas,Toys,47.1,2025-07-29,A,5,1
65,54,Male,Asia,Electronics,136.77,2025-03-19,A,4,0
66,21,Male,Asia,Clothing,94.11,2025-04-11,B,4,0
67,36,Male,Europe,Electronics,103.38,2025-05-20,C,4,0
68,29,Female,Africa,Home,74.14,2025-09-21,B,2,0
69,58,Male,Americas,Clothing,61.18,2025-08-02,B,5,0
70,46,Female,Europe,Toys,55.88,2025-05-27,C,3,0
71,44,Male,Africa,Toys,93.18,2025-06-22,C,2,1
72,57,Female,Europe,Toys,80.44,2025-05-27,A,2,0
73,31,Female,Asia,Home,74.49,2025-09-04,A,3,0
74,39,Male,Europe,Toys,54.6,2025-05-07,A,3,0
75,65,Male,Americas,Home,85.47,2025-06-01,C,4,0
76,22,Male,Africa,Electronics,13.27,2025-07-16,C,4,0
77,53,Other,Asia,Clothing,74.88,2025-02-20,B,1,0
78,33,Female,Europe,Clothing,87.96,2025-07-18,B,5,0
79,48,Male,Europe,Clothing,86.79,2025-05-21,C,3,0
80,28,Female,Africa,Toys,162.28,2025-02-20,B,5,0
81,44,Male,Europe,Electronics,81.07,2025-10-17,A,1,1
82,22,Female,Asia,Toys,80.7,2025-02-19,C,3,1
83,67,Female,Europe,Clothing,64.93,2025-09-05,A,1,0
84,36,Female,Asia,Home,15.43,2025-05-27,C,3,0
85,24,Male,Americas,Toys,52.72,2025-08-29,C,3,1
86,47,Female,Europe,Home,111.93,2024-12-07,B,2,1
87,31,Female,Americas,Clothing,48.05,2025-06-19,B,4,1
88,62,Male,Americas,Toys,30.78,2025-01-06,C,4,0
89,27,Male,Americas,Toys,5.0,2025-08-16,C,4,1
90,57,Female,Asia,Clothing,45.25,2025-06-21,A,3,0
91,36,Female,Americas,Electronics,74.02,2025-07-03,A,2,0
92,54,Female,Europe,Home,83.61,2025-11-09,A,5,0
93,19,Male,Americas,Electronics,90.72,2025-10-04,B,4,0
94,42,Female,Asia,Clothing,5.0,2025-02-14,A,4,0
95,57,Female,Asia,Clothing,88.17,2025-07-07,B,1,0
96,58,Male,Europe,Clothing,87.16,2025-01-06,C,1,0
97,32,Female,Americas,Electronics,107.36,2025-03-17,B,5,0
98,25,Other,Europe,Clothing,72.2,2025-04-09,C,2,1
99,23,Female,Asia,Home,101.41,2025-04-23,B,3,0
100,44,Female,Africa,Home,54.62,2025-06-22,B,1,0
101,61,Male,Europe,Toys,68.31,2025-08-03,B,1,0
102,22,Male,Americas,Toys,96.27,2025-03-11,A,1,0
103,48,Female,Africa,Clothing,50.17,2025-07-17,B,1,1
104,53,Female,Europe,Electronics,80.35,2025-07-19,B,1,0
105,50,Male,Asia,Clothing,143.26,2024-12-25,B,2,0
106,40,Male,Africa,Electronics,97.85,2025-01-11,B,1,1
107,48,Female,Americas,Electronics,91.7,2025-02-08,B,4,0
108,26,Male,Europe,Electronics,59.82,2025-09-09,C,1,0
109,67,Female,Americas,Clothing,103.97,2025-05-29,A,2,0
110,41,Female,Africa,Home,14.56,2025-11-05,A,1,2
111,48,Female,Asia,Clothing,114.22,2025-05-24,B,5,0
112,26,Female,Asia,Toys,18.29,2025-10-06,B,4,0
113,56,Female,Africa,Clothing,63.67,2025-02-01,C,1,0
114,27,Male,Asia,Home,110.84,2025-01-03,A,2,0
115,64,Female,Asia,Home,64.09,2024-12-22,A,2,0
116,33,Female,Americas,Toys,77.43,2025-07-03,C,4,0
117,22,Male,Europe,Electronics,58.26,2024-12-08,C,2,0
118,67,Female,Europe,Electronics,95.02,2025-01-16,B,3,1
119,32,Female,Africa,Electronics,67.76,2025-08-18,B,2,0
120,66,Female,Asia,Clothing,54.08,2025-04-14,B,4,0
121,49,Female,Europe,Clothing,74.45,2025-07-23,C,2,0
122,39,Female,Africa,Toys,29.26,2025-09-03,C,2,0
123,44,Male,Americas,Electronics,35.11,2025-02-24,C,3,0
124,60,Male,Africa,Home,27.44,2025-11-14,A,1,1
125,21,Male,Americas,Electronics,44.97,2025-02-22,B,4,0
126,63,Female,Americas,Clothing,5.0,2025-05-13,A,1,0
127,47,Female,Americas,Toys,54.25,2025-05-31,A,3,0
128,64,Female,Africa,Toys,36.86,2025-04-05,C,5,0
129,23,Male,Europe,Home,80.2,2025-10-30,A,5,1
130,67,Female,Americas,Clothing,100.64,2025-02-08,A,1,0
131,51,Female,Asia,Home,49.28,2025-03-14,B,4,0
132,18,Other,Americas,Clothing,54.08,2025-04-09,A,5,0
133,22,Female,Europe,Toys,100.75,2025-06-04,C,1,0
134,32,Female,Asia,Home,41.83,2025-10-24,C,3,0
135,43,Female,Africa,Home,85.23,2025-09-15,B,3,0
136,50,Female,Africa,Clothing,53.98,2025-08-06,A,2,0
137,39,Male,Europe,Clothing,102.85,2024-11-30,A,5,0
138,32,Male,Europe,Toys,103.87,2025-10-18,A,2,0
139,66,Female,Asia,Electronics,45.76,2025-07-25,B,4,0
140,24,Female,Africa,Electronics,35.58,2025-06-02,C,5,0
141,20,Female,Asia,Electronics,61.87,2024-12-25,B,2,0
142,36,Female,Asia,Clothing,85.14,2025-11-24,A,3,0
143,29,Female,Europe,Toys,80.05,2025-01-28,C,5,0
144,24,Female,Africa,Toys,58.42,2025-10-04,B,1,0
145,31,Female,Asia,Home,87.08,2025-07-05,C,3,0
146,50,Male,Americas,Home,85.72,2025-04-09,B,2,0
147,23,Female,Americas,Clothing,52.84,2024-12-12,A,2,0
148,39,Male,Asia,Clothing,47.11,2025-02-08,B,1,0
149,66,Female,Americas,Home,53.12,2025-08-11,A,2,0
150,20,Male,Asia,Electronics,59.6,2025-05-24,C,2,0
151,52,Female,Americas,Home,76.57,2025-06-22,C,2,0
152,51,Female,Asia,Clothing,87.18,2024-12-19,C,5,0
153,64,Other,Asia,Home,106.64,2025-06-01,A,4,1
154,31,Female,Asia,Electronics,71.29,2025-08-15,A,5,0
155,34,Male,Americas,Home,96.01,2025-06-06,C,5,0
156,58,Other,Asia,Electronics,58.27,2025-04-06,A,3,0
157,23,Female,Asia,Electronics,46.7,2025-05-26,C,5,0
158,58,Male,Africa,Home,96.61,2025-01-15,C,4,0
159,23,Male,Americas,Electronics,100.28,2025-05-30,C,5,0
160,31,Female,Asia,Toys,82.49,2025-10-06,A,4,0
161,41,Male,Americas,Toys,47.72,2024-12-13,C,2,1
162,46,Male,Africa,Toys,26.89,2025-01-23,A,4,0
163,62,Male,Africa,Clothing,32.85,2025-11-01,B,4,0
164,54,Male,Asia,Electronics,96.36,2025-03-06,A,1,0
165,65,Other,Africa,Toys,45.33,2025-05-03,C,5,0
166,43,Female,Africa,Clothing,101.73,2025-04-23,A,1,0
167,25,Male,Africa,Electronics,33.4,2025-10-28,C,2,1
168,29,Male,Europe,Home,129.03,2025-09-13,C,2,0
169,35,Male,Americas,Home,67.59,2025-04-04,A,3,0
170,62,Male,Europe,Electronics,43.95,2025-08-14,B,1,0
171,68,Male,Asia,Toys,92.1,2025-08-17,C,5,0
172,22,Female,Americas,Home,66.01,2025-04-04,B,3,0
173,63,Female,Europe,Toys,97.26,2025-11-03,B,4,0
174,39,Female,Europe,Home,37.31,2025-03-26,B,2,0
175,35,Male,Americas,Toys,58.77,2025-03-02,B,2,0
176,45,Male,Asia,Toys,127.12,2024-12-08,A,4,0
177,39,Female,Americas,Home,45.56,2024-12-11,B,5,0
178,23,Female,Asia,Home,29.69,2025-11-24,C,4,0
179,51,Female,Europe,Electronics,55.58,2025-03-26,B,4,1
180,32,Male,Africa,Home,53.09,2025-10-17,A,1,0
181,45,Female,Europe,Clothing,19.8,2025-02-18,C,2,1
182,56,Male,Asia,Home,118.9,2025-08-05,B,3,0
183,22,Male,Africa,Toys,49.13,2025-06-24,B,3,0
184,48,Female,Americas,Toys,158.83,2025-07-21,B,2,0
185,37,Female,Europe,Electronics,84.71,2025-08-20,B,5,0
186,64,Male,Americas,Home,67.2,2025-08-07,A,2,0
187,51,Female,Americas,Home,54.35,2025-11-19,C,1,0
188,52,Male,Asia,Toys,76.29,2025-10-24,B,5,0
189,65,Female,Europe,Electronics,44.0,2025-11-09,B,4,0
190,62,Female,Americas,Toys,71.14,2025-03-27,A,5,0
191,35,Female,Africa,Home,99.96,2025-05-04,B,4,0
192,52,Female,Europe,Home,55.99,2025-11-12,A,4,0
193,62,Male,Americas,Toys,77.51,2025-08-21,C,4,0
194,25,Female,Europe,Home,131.43,2025-04-29,A,2,0
195,65,Male,Asia,Clothing,38.48,2024-12-27,B,4,0
196,47,Female,Americas,Toys,60.38,2024-12-14,C,5,0
197,28,Male,Americas,Home,65.5,2024-12-23,C,4,1
198,60,Male,Americas,Electronics,72.67,2025-08-02,A,3,0
199,45,Female,Asia,Toys,112.33,2025-10-24,B,5,1
200,66,Other,Europe,Toys,133.72,2025-04-27,C,1,0
201,65,Female,Africa,Electronics,73.51,2025-07-29,B,4,1
202,68,Female,Africa,Home,115.83,2025-11-29,A,4,0
203,63,Female,Europe,Home,116.86,2025-10-06,A,1,0
204,40,Female,Europe,Electronics,137.7,2025-08-10,C,4,1
205,44,Male,Africa,Electronics,5.0,2025-11-07,A,5,0
206,21,Female,Africa,Home,113.63,2025-01-07,C,1,0
207,65,Female,Africa,Clothing,73.69,2024-12-06,A,5,0
208,29,Female,Africa,Toys,72.95,2025-09-07,A,2,0
209,61,Male,Americas,Clothing,137.99,2025-08-26,A,4,0
210,49,Female,Asia,Clothing,106.06,2025-08-13,C,3,0
211,39,Female,Americas,Clothing,132.84,2025-06-28,B,1,0
212,19,Male,Europe,Clothing,132.9,2024-12-09,B,4,0
213,49,Male,Africa,Clothing,131.07,2024-12-20,C,4,0
214,51,Female,Asia,Toys,82.56,2025-09-29,A,3,0
215,19,Male,Africa,Toys,60.61,2025-08-22,B,5,0
216,28,Female,Africa,Toys,26.59,2025-08-14,A,4,0
217,45,Female,Americas,Toys,50.08,2025-07-13,C,2,0
218,57,Female,Asia,Clothing,83.05,2025-11-05,A,3,1
219,33,Other,Asia,Electronics,43.3,2025-09-26,C,4,0
220,69,Male,Africa,Electronics,13.05,2025-07-29,A,5,0
221,48,Male,Europe,Electronics,24.63,2025-04-09,C,1,0
222,34,Other,Europe,Clothing,50.99,2025-11-13,A,4,1
223,40,Other,Europe,Toys,126.53,2025-10-27,C,1,1
224,27,Female,Europe,Clothing,94.48,2025-11-17,B,3,0
225,40,Male,Europe,Home,86.05,2024-12-12,A,4,0
226,44,Female,Asia,Toys,41.57,2025-06-21,A,2,0
227,53,Other,Asia,Toys,58.93,2025-03-19,A,2,0
228,30,Female,Europe,Toys,166.21,2025-05-02,B,3,0
229,39,Male,Africa,Toys,83.52,2024-12-27,A,3,0
230,53,Female,Africa,Home,42.46,2025-10-10,B,2,0
231,30,Male,Americas,Electronics,136.05,2025-08-23,A,1,0
232,38,Female,Africa,Toys,84.59,2025-06-25,C,5,0
233,19,Male,Asia,Toys,97.37,2025-01-05,B,3,0
234,34,Other,Asia,Clothing,5.0,2024-12-22,A,5,0
235,54,Male,Asia,Home,100.34,2025-06-23,B,2,0
236,57,Female,Africa,Clothing,29.85,2025-11-19,B,2,0
237,58,Male,Europe,Home,50.39,2025-06-25,A,1,0
238,29,Female,Americas,Home,51.09,2024-12-05,B,5,1
239,41,Male,Africa,Toys,59.98,2025-10-26,B,4,0
240,43,Male,Americas,Toys,125.17,2024-12-18,A,4,1
241,23,Female,Africa,Toys,57.86,2025-07-06,A,4,0
242,58,Female,Americas,Electronics,108.26,2025-01-04,A,2,0
243,65,Male,Americas,Clothing,63.02,2025-11-07,A,5,0
244,56,Female,Europe,Electronics,52.86,2025-05-02,B,4,0
245,23,Female,Americas,Electronics,61.14,2025-09-08,A,4,0
246,39,Other,Asia,Toys,67.11,2025-10-12,C,2,0
247,56,Male,Europe,Clothing,68.62,2025-06-09,A,4,1
248,36,Female,Americas,Electronics,92.66,2025-10-17,C,1,0
249,31,Male,Africa,Electronics,50.59,2025-04-22,B,1,0
250,59,Other,Africa,Toys,69.78,2025-02-04,B,5,0
251,41,Male,Americas,Home,59.92,2025-02-09,A,1,1
252,48,Female,Americas,Toys,98.39,2025-05-01,B,1,1
253,41,Female,Europe,Toys,28.78,2025-06-01,A,4,0
254,49,Female,Europe,Toys,208.5,2025-07-11,B,3,0
255,61,Female,Asia,Electronics,5.0,2025-02-19,C,1,0
256,35,Female,Asia,Home,32.48,2025-07-01,A,2,0
257,61,Female,Europe,Electronics,89.15,2025-06-09,B,5,0
258,41,Male,Europe,Home,78.23,2025-11-09,C,3,1
259,62,Female,Europe,Clothing,87.7,2025-10-15,A,1,1
260,69,Other,Europe,Home,47.66,2025-05-01,C,5,0
261,28,Male,Europe,Toys,49.23,2025-10-25,C,5,0
262,43,Male,Asia,Toys,114.17,2025-01-26,C,3,0
263,27,Female,Americas,Electronics,62.82,2025-07-23,B,3,0
264,23,Male,Asia,Toys,43.84,2025-04-22,B,4,0
265,51,Female,Europe,Clothing,111.24,2025-02-26,C,1,0
266,41,Female,Americas,Electronics,94.7,2025-06-08,C,3,1
267,46,Male,Europe,Electronics,62.6,2025-05-21,B,3,0
268,59,Male,Africa,Electronics,172.97,2025-03-18,A,1,1
269,23,Male,Africa,Clothing,5.0,2025-02-05,B,4,0
270,48,Female,Europe,Toys,115.79,2025-11-16,A,2,0
271,67,Male,Americas,Electronics,96.87,2025-08-02,B,2,1
272,54,Male,Africa,Electronics,12.41,2025-08-21,B,3,0
273,58,Female,Asia,Toys,33.35,2025-11-25,C,3,0
274,36,Female,Americas,Electronics,118.99,2025-08-14,B,1,0
275,28,Female,Africa,Electronics,110.86,2025-05-08,C,3,0
276,50,Male,Americas,Home,61.38,2025-02-17,C,2,0
277,34,Female,Africa,Electronics,90.1,2025-05-08,C,2,0
278,30,Female,Americas,Electronics,103.6,2025-01-26,A,4,0
279,57,Male,Americas,Home,79.89,2025-03-11,C,2,0
280,50,Female,Europe,Toys,51.04,2025-07-21,A,5,2
281,31,Female,Asia,Toys,142.65,2025-06-13,A,4,0
282,69,Other,Americas,Home,101.84,2025-04-20,C,5,0
283,46,Female,Europe,Clothing,179.55,2025-09-24,C,3,0
284,48,Female,Africa,Clothing,71.79,2025-07-23,B,4,0
285,67,Male,Europe,Clothing,108.58,2025-02-07,C,4,0
286,25,Female,Europe,Toys,159.24,2025-06-06,B,4,0
287,57,Female,Asia,Electronics,95.13,2025-03-23,A,4,0
288,35,Female,Asia,Electronics,107.75,2025-03-17,C,5,0
289,21,Female,Asia,Electronics,84.93,2024-12-15,B,5,0
290,52,Male,Europe,Electronics,88.2,2025-09-16,C,1,1
291,26,Other,Africa,Clothing,48.37,2025-05-23,C,3,0
292,23,Female,Africa,Clothing,97.95,2024-12-13,B,5,0
293,27,Female,Europe,Toys,85.2,2025-05-16,A,1,0
294,65,Female,Africa,Electronics,52.71,2025-09-21,A,4,0
295,56,Female,Asia,Electronics,139.7,2025-01-09,C,1,0
296,41,Male,Africa,Clothing,60.19,2025-04-28,B,3,1
297,36,Other,Africa,Toys,5.0,2025-11-27,C,1,0
298,59,Male,Africa,Toys,171.45,2025-11-15,B,2,0
299,63,Male,Asia,Home,118.37,2025-06-27,C,3,0
300,52,Female,Africa,Toys,90.66,2025-07-20,A,4,1
301,23,Male,Europe,Toys,112.23,2025-11-19,A,3,0
302,30,Female,Africa,Electronics,71.86,2025-03-18,A,4,0
303,38,Other,Africa,Toys,45.48,2025-10-30,A,1,0
304,28,Male,Europe,Home,123.75,2025-09-15,A,4,0
305,21,Female,Africa,Toys,108.22,2025-07-29,C,1,0
306,48,Other,Asia,Home,107.03,2025-05-09,B,5,0
307,22,Male,Asia,Home,21.29,2025-09-10,A,2,0
308,23,Female,Americas,Toys,5.0,2025-09-05,A,1,1
309,44,Female,Europe,Home,109.07,2025-03-22,B,1,0
310,57,Female,Americas,Electronics,78.91,2025-08-15,B,3,0
311,33,Female,Asia,Toys,25.82,2025-11-28,A,3,1
312,59,Male,Asia,Home,48.26,2024-11-30,A,4,0
313,60,Female,Africa,Clothing,56.93,2025-01-30,A,1,0
314,26,Male,Africa,Electronics,61.34,2025-08-25,C,2,0
315,44,Male,Americas,Toys,75.18,2025-10-09,B,4,0
316,22,Female,Africa,Electronics,95.67,2025-07-13,A,4,0
317,63,Female,Americas,Clothing,136.78,2025-10-03,C,4,0
318,66,Female,Africa,Clothing,58.9,2025-09-13,A,2,0
319,44,Female,Asia,Toys,120.76,2024-12-26,C,1,2
320,30,Female,Americas,Toys,84.44,2025-09-24,C,3,0
321,25,Other,Asia,Electronics,130.69,2025-08-27,B,4,0
322,33,Female,Asia,Home,33.97,2025-01-13,C,5,1
323,66,Other,Africa,Home,121.95,2025-07-02,C,3,1
324,64,Male,Asia,Home,124.85,2025-08-26,A,5,0
325,35,Female,Asia,Toys,88.83,2025-10-01,C,2,0
326,35,Male,Africa,Home,39.69,2025-09-21,B,4,1
327,69,Female,Americas,Clothing,68.7,2024-12-28,C,2,0
328,65,Male,Europe,Electronics,81.06,2025-10-10,C,4,0
329,29,Male,Americas,Clothing,101.49,2025-03-20,C,1,0
330,35,Female,Asia,Clothing,26.48,2025-11-16,A,3,0
331,28,Male,Africa,Home,111.0,2025-11-14,B,3,0
332,27,Female,Asia,Clothing,23.39,2025-07-07,C,4,0
333,69,Female,Asia,Toys,105.16,2024-12-01,B,5,0
334,37,Male,Europe,Clothing,51.73,2025-11-03,C,1,0
335,34,Female,Asia,Home,65.32,2025-06-11,C,3,0
336,29,Female,Americas,Electronics,18.2,2025-09-03,B,1,0
337,65,Male,Europe,Home,91.49,2025-10-14,B,5,0
338,64,Male,Americas,Home,128.8,2025-06-26,B,2,0
339,53,Female,Africa,Electronics,72.77,2025-11-26,C,2,0
340,58,Male,Africa,Home,12.97,2025-02-06,A,5,0
341,19,Female,Asia,Clothing,68.21,2025-10-31,C,4,0
342,22,Male,Europe,Toys,56.18,2025-11-26,C,1,0
343,29,Male,Europe,Toys,84.36,2025-09-26,A,5,1
344,36,Male,Africa,Clothing,123.3,2024-12-10,B,1,0
345,43,Male,Africa,Electronics,5.0,2025-05-10,C,2,0
346,37,Female,Asia,Electronics,128.8,2025-05-23,C,4,0
347,59,Female,Asia,Electronics,76.3,2025-11-20,A,1,0
348,61,Male,Asia,Toys,5.0,2025-06-24,C,5,0
349,32,Other,Americas,Home,144.75,2025-07-01,B,4,0
350,43,Female,Europe,Electronics,61.95,2025-02-17,B,3,0
351,52,Female,Asia,Electronics,92.41,2025-04-20,A,3,0
352,55,Female,Asia,Home,94.14,2025-03-16,B,1,0
353,32,Male,Americas,Home,89.8,2025-02-12,A,2,0
354,31,Female,Asia,Clothing,67.7,2024-12-13,B,4,1
355,23,Female,Africa,Toys,68.7,2025-03-05,A,2,0
356,27,Male,Americas,Toys,5.0,2025-04-02,A,3,1
357,58,Male,Africa,Clothing,30.47,2025-06-16,A,1,1
358,25,Female,Europe,Clothing,27.96,2025-03-16,C,5,1
359,56,Male,Africa,Electronics,82.78,2025-04-19,A,3,0
360,35,Female,Europe,Electronics,74.9,2025-04-15,C,2,0
361,43,Female,Asia,Electronics,43.9,2025-07-20,A,4,0
362,55,Female,Asia,Clothing,87.77,2025-05-18,A,2,0
363,63,Other,Africa,Home,186.96,2025-09-05,C,1,1
364,40,Female,Africa,Home,131.07,2025-05-28,B,5,0
365,20,Other,Asia,Home,91.92,2025-11-08,C,5,0
366,20,Female,Americas,Home,99.93,2024-12-27,A,5,0
367,19,Male,Europe,Clothing,50.66,2025-01-18,A,4,0
368,52,Male,Europe,Toys,84.13,2025-01-21,A,5,0
369,62,Female,Europe,Clothing,75.82,2025-07-07,C,5,0
370,49,Male,Africa,Clothing,34.39,2025-05-19,C,2,0
371,42,Male,Asia,Clothing,47.58,2025-02-23,A,5,0
372,30,Male,Asia,Home,103.63,2024-12-06,A,2,1
373,68,Female,Africa,Home,42.64,2025-11-11,B,5,0
374,37,Male,Americas,Toys,89.88,2025-03-29,B,1,0
375,35,Female,Americas,Toys,28.68,2025-06-05,B,2,0
376,47,Female,Asia,Home,120.68,2025-11-01,C,3,0
377,54,Other,Americas,Home,43.68,2025-02-20,A,3,0
378,35,Male,Africa,Clothing,29.52,2024-12-15,C,2,0
379,23,Male,Americas,Toys,46.23,2025-11-11,B,5,1
380,67,Female,Europe,Toys,40.25,2025-11-06,C,1,0
381,41,Male,Europe,Toys,63.86,2025-03-19,C,3,0
382,43,Female,Americas,Home,5.0,2025-09-01,A,3,0
383,39,Male,Europe,Electronics,55.91,2025-06-15,B,5,0
384,34,Female,Europe,Toys,79.14,2025-04-09,C,4,0
385,40,Female,Americas,Clothing,97.05,2025-08-03,B,4,0
386,37,Male,Europe,Home,159.98,2025-06-24,B,5,0
387,34,Other,Africa,Toys,94.05,2025-09-06,C,2,1
388,18,Female,Americas,Home,16.61,2025-08-01,C,5,0
389,67,Male,Asia,Electronics,168.77,2025-08-23,A,2,0
390,58,Male,Europe,Home,95.25,2025-06-10,B,1,0
391,23,Male,Europe,Electronics,77.02,2025-04-07,B,4,0
392,35,Male,Africa,Toys,53.21,2025-01-25,C,5,0
393,62,Male,Europe,Clothing,56.69,2025-10-15,B,5,0
394,24,Female,Americas,Electronics,32.96,2025-05-06,C,3,0
395,32,Male,Americas,Home,80.84,2025-01-06,A,1,0
396,29,Female,Africa,Electronics,52.35,2025-06-12,B,3,1
397,35,Male,Europe,Electronics,24.05,2025-11-27,A,2,0
398,25,Other,Asia,Toys,92.54,2025-06-05,C,3,0
399,60,Female,Americas,Electronics,90.81,2025-09-28,B,1,2
400,34,Other,Asia,Electronics,66.05,2025-05-08,A,4,0
401,38,Male,Americas,Clothing,46.11,2025-01-30,B,4,0
402,48,Female,Europe,Clothing,89.8,2024-12-30,B,4,0
403,68,Female,Americas,Electronics,43.07,2025-08-12,C,1,0
404,58,Other,Africa,Clothing,91.32,2025-01-31,A,4,0
405,25,Female,Europe,Clothing,55.71,2025-07-09,B,2,0
406,39,Female,Americas,Clothing,61.5,2025-11-13,B,4,0
407,18,Female,Americas,Home,38.93,2025-08-06,C,3,1
408,57,Male,Asia,Toys,53.62,2025-02-08,C,3,1
409,68,Female,Americas,Clothing,59.99,2025-03-13,A,5,0
410,36,Male,Asia,Toys,22.76,2025-01-29,A,2,0
411,51,Female,Africa,Electronics,76.1,2025-02-07,C,1,1
412,39,Male,Europe,Clothing,90.19,2025-07-24,B,5,0
413,67,Male,Asia,Toys,113.68,2025-04-10,C,3,0
414,62,Female,Europe,Clothing,5.0,2025-06-01,A,5,0
415,20,Other,Asia,Home,123.02,2024-12-10,C,5,0
416,28,Female,Asia,Home,35.94,2025-10-22,A,3,0
417,28,Male,Americas,Toys,101.45,2025-03-09,C,4,0
418,20,Male,Europe,Toys,89.99,2025-01-05,B,1,0
419,61,Female,Americas,Electronics,83.44,2025-11-29,C,1,0
420,55,Female,Americas,Home,68.48,2025-01-13,C,5,1
421,26,Other,Africa,Clothing,63.63,2025-03-12,B,2,0
422,30,Male,Africa,Toys,25.51,2024-12-18,C,2,0
423,39,Male,Americas,Home,5.0,2025-10-27,A,1,0
424,42,Female,Americas,Clothing,92.28,2025-11-22,B,1,1
425,39,Female,Asia,Electronics,62.68,2024-12-23,B,4,0
426,27,Female,Africa,Toys,136.8,2025-01-16,C,5,0
427,41,Female,Asia,Home,53.02,2025-04-07,B,4,0
428,55,Male,Americas,Home,55.58,2025-08-17,A,3,0
429,63,Female,Asia,Clothing,102.88,2025-06-18,C,2,0
430,53,Female,Africa,Clothing,98.29,2025-10-03,A,2,0
431,48,Male,Americas,Home,51.04,2025-06-25,A,4,1
432,47,Female,Africa,Toys,52.64,2025-06-15,B,4,0
433,41,Female,Americas,Toys,45.21,2025-06-19,B,1,0
434,52,Male,Europe,Home,134.16,2025-07-19,B,5,0
435,53,Female,Americas,Electronics,87.03,2025-07-27,A,3,0
436,23,Male,Africa,Clothing,74.69,2024-12-20,B,2,0
437,50,Other,Europe,Electronics,114.09,2025-11-16,B,3,0
438,50,Female,Europe,Clothing,74.46,2025-06-22,B,3,0
439,26,Male,Asia,Toys,73.03,2025-01-12,C,5,0
440,63,Female,Americas,Toys,60.59,2025-08-08,A,2,0
441,31,Female,Africa,Home,98.15,2025-09-03,C,3,0
442,65,Female,Asia,Toys,99.83,2025-07-25,C,1,1
443,27,Female,Africa,Electronics,68.36,2025-10-25,C,4,0
444,63,Male,Americas,Home,92.18,2025-02-22,A,3,0
445,52,Female,Europe,Toys,37.1,2025-06-18,B,2,0
446,54,Female,Europe,Electronics,136.51,2025-09-19,B,4,0
447,30,Male,Americas,Home,91.87,2025-05-27,B,1,1
448,46,Female,Asia,Electronics,92.27,2025-01-01,B,2,0
449,48,Female,Asia,Home,16.0,2025-09-16,C,2,0
450,54,Female,Asia,Electronics,61.18,2025-05-10,C,1,0
451,61,Female,Africa,Clothing,95.38,2025-01-24,B,5,0
452,53,Female,Europe,Electronics,90.44,2025-08-24,C,2,0
453,50,Female,Africa,Home,80.08,2025-04-08,B,1,0
454,30,Female,Africa,Toys,145.64,2025-08-25,A,3,0
455,20,Male,Africa,Electronics,11.67,2025-05-25,A,3,0
456,37,Male,Asia,Clothing,37.48,2025-06-22,B,3,1
457,33,Female,Americas,Clothing,96.12,2025-05-01,C,4,0
458,69,Male,Americas,Toys,86.65,2025-03-09,B,2,0
459,58,Female,Asia,Toys,12.97,2025-02-26,C,5,0
460,44,Male,Africa,Home,93.04,2025-07-23,B,5,0
461,30,Female,Asia,Clothing,142.28,2025-04-06,C,4,1
462,51,Male,Americas,Toys,5.0,2025-04-08,A,4,1
463,19,Female,Americas,Toys,5.0,2025-06-08,C,4,0
464,33,Male,Europe,Toys,106.2,2025-03-10,A,2,0
465,45,Male,Asia,Home,156.79,2025-06-12,B,3,1
466,57,Female,Americas,Home,37.53,2025-03-17,B,5,0
467,66,Male,Europe,Clothing,100.07,2025-01-05,C,3,0
468,51,Female,Asia,Home,46.16,2025-09-24,C,4,0
469,37,Female,Europe,Home,89.08,2025-01-21,B,1,0
470,52,Male,Europe,Toys,109.24,2025-06-21,C,4,0
471,26,Male,Europe,Clothing,102.49,2025-09-17,A,4,1
472,45,Female,Asia,Home,48.07,2025-06-09,A,2,0
473,60,Male,Asia,Electronics,41.37,2025-02-28,C,5,0
474,63,Female,Americas,Clothing,15.57,2024-11-30,B,3,0
475,46,Female,Americas,Home,63.15,2024-12-28,B,5,0
476,50,Male,Europe,Electronics,62.84,2025-02-09,A,5,1
477,54,Male,Africa,Home,56.39,2025-06-25,B,5,1
478,25,Female,Europe,Electronics,111.72,2025-01-01,A,4,1
479,66,Female,Europe,Home,71.02,2025-05-07,A,3,0
480,28,Other,Africa,Clothing,48.17,2025-01-31,B,5,1
481,33,Male,Americas,Home,133.97,2025-10-22,C,3,0
482,22,Male,Africa,Home,80.33,2025-02-13,C,1,0
483,54,Female,Americas,Home,79.92,2025-05-26,C,1,0
484,31,Female,Americas,Toys,47.56,2025-01-03,A,3,0
485,42,Female,Africa,Clothing,77.16,2025-05-02,A,5,1
486,45,Female,Europe,Electronics,18.13,2025-02-11,C,4,0
487,60,Male,Africa,Clothing,49.67,2025-11-23,A,2,0
488,35,Male,Europe,Home,12.6,2025-08-20,C,5,1
489,31,Male,Africa,Clothing,152.14,2025-09-14,B,4,0
490,52,Female,Asia,Clothing,50.32,2025-10-02,A,5,0
491,56,Male,Europe,Electronics,83.2,2025-02-23,A,5,1
492,20,Male,Americas,Clothing,34.69,2025-08-21,C,4,0
493,58,Female,Americas,Electronics,33.62,2025-09-07,B,4,0
494,35,Male,Europe,Home,162.64,2025-01-27,C,1,0
495,57,Female,Americas,Clothing,99.14,2025-02-03,A,4,0
496,27,Male,Americas,Home,51.25,2025-07-14,B,3,1
497,47,Female,Asia,Electronics,80.62,2024-12-01,A,2,0
498,28,Female,Asia,Electronics,34.48,2025-01-15,A,5,0
499,59,Female,Americas,Electronics,130.58,2025-05-20,A,5,0
500,39,Female,Asia,Clothing,139.96,2025-11-03,A,5,0
501,30,Male,Americas,Clothing,30.53,2025-04-13,B,1,1
502,53,Female,Africa,Clothing,105.69,2025-02-02,B,3,0
503,63,Female,Africa,Electronics,5.0,2025-01-28,C,3,0
504,20,Female,Asia,Home,44.95,2025-02-16,B,5,0
505,23,Male,Asia,Clothing,40.83,2025-10-23,B,2,0
506,54,Male,Asia,Home,73.51,2025-01-16,C,2,1
507,27,Male,Asia,Electronics,101.79,2025-11-29,C,3,0
508,57,Male,Asia,Toys,126.16,2025-02-04,B,4,0
509,28,Male,Americas,Home,15.53,2024-12-15,A,2,0
510,63,Female,Asia,Clothing,105.0,2025-01-14,A,4,0
511,51,Male,Americas,Electronics,5.0,2025-04-19,A,1,0
512,26,Male,Asia,Home,41.07,2025-03-23,C,5,0
513,38,Male,Americas,Home,77.81,2025-09-26,A,1,1
514,34,Male,Asia,Electronics,107.09,2025-02-12,B,3,0
515,24,Female,Africa,Clothing,44.2,2024-12-11,B,3,0
516,49,Male,Europe,Home,96.21,2025-01-16,C,4,0
517,29,Male,Europe,Clothing,64.71,2025-02-06,B,1,0
518,35,Male,Asia,Home,75.74,2025-09-27,C,4,0
519,44,Male,Asia,Home,143.9,2025-10-01,C,1,0
520,64,Male,Africa,Electronics,18.26,2025-01-01,A,1,0
521,66,Male,Asia,Toys,107.97,2025-09-27,B,5,0
522,33,Male,Asia,Home,48.48,2024-12-17,B,3,1
523,52,Female,Americas,Clothing,88.72,2025-06-14,B,1,0
524,50,Male,Europe,Electronics,87.25,2025-09-13,B,5,0
525,35,Female,Europe,Electronics,126.78,2024-12-29,A,2,0
526,69,Female,Americas,Clothing,131.28,2025-11-07,C,4,0
527,33,Male,Europe,Electronics,66.32,2024-12-17,C,3,0
528,35,Female,Asia,Home,120.47,2025-02-18,C,1,0
529,32,Female,Europe,Electronics,149.67,2025-11-04,B,2,0
530,45,Female,Africa,Home,38.65,2025-11-06,B,5,0
531,68,Male,Asia,Toys,51.51,2025-04-05,B,2,0
532,47,Male,Europe,Home,56.12,2025-08-24,C,5,0
533,58,Male,Asia,Clothing,100.14,2025-10-15,A,4,0
534,24,Female,Europe,Clothing,69.45,2025-05-16,C,4,1
535,38,Male,Africa,Clothing,24.45,2025-01-21,B,1,0
536,58,Female,Americas,Home,71.94,2025-01-05,B,3,0
537,56,Other,Europe,Clothing,28.9,2025-05-10,B,3,1
538,56,Male,Africa,Clothing,115.78,2025-10-05,B,3,0
539,49,Female,Americas,Electronics,75.34,2025-04-10,C,2,0
540,19,Female,Asia,Toys,110.95,2025-07-13,A,1,0
541,69,Female,Europe,Electronics,102.86,2025-10-06,A,4,1
542,47,Female,Europe,Home,5.0,2025-09-10,B,1,1
543,49,Male,Africa,Electronics,10.51,2025-04-01,C,4,0
544,32,Male,Americas,Toys,14.95,2025-10-26,C,2,0
545,65,Male,Asia,Electronics,5.0,2024-12-12,C,5,0
546,18,Male,Europe,Toys,117.85,2024-12-16,C,2,0
547,35,Male,Europe,Clothing,103.14,2025-08-13,C,4,0
548,36,Female,Asia,Home,139.32,2025-09-24,C,1,0
549,29,Female,Americas,Electronics,91.05,2025-08-30,B,4,0
550,63,Other,Africa,Home,29.08,2025-04-13,C,4,1
551,60,Female,Africa,Electronics,124.55,2025-04-22,B,5,0
552,35,Other,Asia,Clothing,64.96,2025-11-23,B,2,0
553,58,Female,Europe,Home,113.06,2025-07-14,A,2,0
554,41,Female,Africa,Toys,111.01,2025-04-07,B,1,1
555,53,Female,Africa,Clothing,67.04,2025-03-27,B,5,0
556,40,Male,Asia,Clothing,10.82,2025-07-30,B,5,0
557,57,Female,Asia,Toys,46.22,2025-04-02,A,3,0
558,69,Male,Europe,Home,107.53,2025-04-24,B,5,1
559,39,Male,Americas,Electronics,113.01,2025-11-09,B,4,0
560,18,Male,Americas,Electronics,86.15,2025-04-12,A,1,0
561,57,Female,Americas,Home,36.17,2025-08-10,C,2,0
562,56,Female,Africa,Electronics,80.22,2025-10-02,B,1,0
563,43,Male,Asia,Toys,37.77,2024-12-12,A,2,0
564,64,Male,Americas,Home,31.5,2025-10-24,A,4,1
565,43,Female,Americas,Electronics,95.69,2025-10-08,A,3,0
566,40,Other,Africa,Clothing,87.08,2025-02-08,C,2,0
567,29,Male,Asia,Home,95.38,2025-04-28,B,4,0
568,37,Male,Africa,Electronics,57.69,2025-05-16,A,3,0
569,45,Male,Asia,Home,72.19,2025-02-08,C,1,1
570,23,Male,Americas,Clothing,56.72,2025-11-10,A,3,0
571,27,Male,Asia,Electronics,115.18,2025-10-21,C,1,0
572,32,Female,Americas,Clothing,5.0,2025-06-26,B,1,0
573,38,Male,Asia,Home,113.75,2025-03-01,A,5,0
574,69,Female,Africa,Clothing,37.33,2025-08-06,A,4,0
575,60,Other,Europe,Toys,102.11,2025-08-03,B,1,0
576,43,Male,Europe,Clothing,76.37,2025-09-19,C,4,0
577,18,Other,Americas,Electronics,53.42,2025-08-30,C,3,0
578,66,Male,Americas,Clothing,56.19,2025-07-31,A,3,0
579,27,Male,Americas,Electronics,5.0,2025-09-16,C,3,0
580,52,Female,Asia,Toys,140.46,2025-08-19,B,2,1
581,21,Male,Europe,Clothing,13.64,2025-09-06,B,3,0
582,37,Male,Asia,Home,16.68,2025-07-12,C,1,0
583,21,Female,Africa,Home,112.15,2025-06-03,C,3,0
584,23,Other,Americas,Toys,52.56,2025-01-21,B,4,0
585,56,Other,Asia,Toys,131.98,2025-02-15,B,4,1
586,43,Female,Africa,Clothing,155.1,2025-01-25,B,4,0
587,22,Other,Africa,Electronics,5.0,2025-10-27,B,1,0
588,67,Male,Africa,Home,149.97,2025-02-22,C,1,0
589,32,Male,Americas,Toys,37.88,2025-05-27,B,2,0
590,56,Female,Africa,Toys,89.13,2025-01-04,C,2,0
591,28,Female,Europe,Toys,66.2,2025-05-26,B,5,1
592,43,Male,Americas,Electronics,52.91,2025-08-21,C,1,0
593,59,Female,Asia,Toys,36.03,2025-07-13,A,3,1
594,58,Male,Asia,Toys,127.82,2024-12-16,C,1,0
595,24,Other,Americas,Electronics,95.3,2024-12-26,C,2,2
596,36,Female,Africa,Home,62.32,2025-07-05,C,2,0
597,57,Female,Europe,Electronics,37.31,2025-06-03,B,5,0
598,19,Female,Europe,Toys,33.1,2025-06-09,C,1,1
599,49,Male,Africa,Toys,30.65,2025-08-09,B,1,0
600,60,Female,Americas,Toys,46.88,2025-11-06,C,3,1
601,40,Male,Africa,Home,16.83,2025-10-04,A,2,1
602,26,Male,Europe,Home,55.18,2025-06-26,B,2,1
603,24,Male,Africa,Home,88.9,2025-03-24,C,2,0
604,18,Male,Africa,Toys,75.42,2025-08-04,A,5,0
605,49,Female,Africa,Home,38.47,2025-05-07,A,4,0
606,58,Male,Asia,Clothing,92.37,2024-12-29,B,1,1
607,48,Female,Americas,Clothing,128.59,2025-06-08,B,4,0
608,34,Female,Europe,Toys,48.35,2024-12-01,A,2,0
609,50,Female,Americas,Clothing,58.83,2025-07-04,C,5,0
610,32,Female,Americas,Toys,112.72,2025-09-08,A,2,0
611,51,Male,Americas,Clothing,83.01,2024-12-28,A,1,2
612,28,Female,Asia,Clothing,62.88,2025-02-15,B,4,0
613,26,Male,Americas,Clothing,85.16,2025-11-12,B,4,0
614,31,Male,Asia,Toys,21.28,2025-10-29,C,3,0
615,31,Male,Africa,Home,63.76,2025-05-19,A,2,0
616,53,Other,Asia,Toys,60.52,2025-09-11,C,3,0
617,37,Male,Europe,Clothing,90.52,2025-03-14,C,5,0
618,54,Male,Europe,Clothing,40.07,2025-11-22,A,3,0
619,52,Male,Africa,Home,54.72,2025-04-15,B,3,0
620,34,Female,Europe,Clothing,73.8,2025-04-22,A,1,0
621,27,Female,Americas,Toys,45.41,2024-12-09,A,3,0
622,47,Female,Africa,Toys,101.18,2025-07-24,C,5,0
623,52,Female,Americas,Electronics,126.7,2025-09-25,B,1,0
624,63,Male,Europe,Toys,53.71,2025-08-10,A,4,1
625,41,Female,Asia,Electronics,43.45,2025-08-27,C,5,0
626,43,Male,Europe,Clothing,61.42,2025-09-08,B,4,0
627,34,Male,Asia,Home,95.25,2025-10-01,A,3,0
628,43,Male,Americas,Home,55.94,2025-11-11,C,2,0
629,30,Male,Europe,Clothing,42.21,2025-06-13,B,3,0
630,67,Male,Africa,Electronics,57.47,2025-03-13,B,2,0
631,54,Male,Americas,Home,57.3,2025-03-05,C,3,1
632,54,Female,Africa,Toys,34.1,2025-11-19,C,4,0
633,57,Male,Africa,Clothing,72.2,2025-02-14,B,5,2
634,61,Male,Americas,Home,145.79,2025-10-22,B,4,0
635,66,Male,Europe,Toys,89.74,2025-02-18,A,2,1
636,65,Female,Asia,Home,42.57,2025-04-30,A,2,0
637,36,Male,Europe,Home,89.79,2025-07-02,C,1,0
638,39,Female,Americas,Home,58.73,2025-09-02,A,5,0
639,25,Male,Africa,Clothing,90.94,2025-05-15,B,3,1
640,34,Female,Asia,Toys,73.51,2025-06-29,C,2,0
641,43,Female,Americas,Toys,66.81,2025-05-07,C,2,1
642,56,Female,Asia,Clothing,16.47,2025-06-15,A,4,0
643,48,Female,Americas,Home,103.82,2025-11-27,A,5,0
644,33,Female,Americas,Home,124.05,2025-01-01,A,4,0
645,52,Male,Americas,Electronics,128.5,2025-07-22,A,2,0
646,50,Female,Europe,Electronics,37.8,2025-08-18,C,1,0
647,61,Male,Asia,Clothing,14.26,2025-02-11,A,2,0
648,22,Female,Europe,Electronics,141.87,2025-02-16,A,5,0
649,31,Male,Europe,Home,116.59,2025-02-08,B,2,0
650,44,Other,Asia,Toys,34.28,2025-03-19,B,2,0
651,54,Other,Asia,Toys,124.02,2025-02-16,A,2,0
652,69,Male,Europe,Home,17.42,2025-08-08,A,3,0
653,26,Female,Africa,Electronics,108.2,2025-05-08,B,5,0
654,55,Female,Africa,Home,56.59,2025-10-29,C,3,0
655,59,Male,Americas,Toys,83.37,2024-12-07,A,5,0
656,37,Male,Americas,Toys,110.65,2025-02-14,A,4,0
657,66,Female,Africa,Electronics,61.25,2025-02-19,B,3,0
658,44,Female,Americas,Clothing,47.06,2025-06-02,C,5,0
659,53,Male,Americas,Clothing,101.83,2025-02-26,A,3,0
660,28,Male,Asia,Toys,11.13,2024-12-09,C,1,0
661,68,Female,Europe,Electronics,50.8,2025-09-22,B,1,0
662,31,Female,Asia,Clothing,115.06,2025-05-22,A,5,1
663,69,Female,Asia,Home,24.59,2025-11-11,B,4,0
664,44,Male,Asia,Clothing,132.75,2025-05-24,B,3,0
665,29,Male,Europe,Toys,120.02,2025-05-10,A,3,0
666,36,Female,Americas,Toys,72.11,2025-03-05,C,5,2
667,18,Female,Europe,Toys,167.3,2025-01-04,B,4,0
668,61,Male,Europe,Home,9.4,2025-02-26,C,5,0
669,48,Male,Americas,Toys,135.44,2024-12-17,B,4,1
670,33,Female,Asia,Toys,117.63,2025-11-03,C,3,0
671,59,Male,Africa,Toys,56.35,2025-07-03,A,3,0
672,34,Male,Americas,Electronics,159.47,2025-03-26,B,2,0
673,40,Male,Asia,Home,104.91,2025-04-16,C,2,0
674,34,Female,Americas,Clothing,100.68,2025-01-13,B,2,0
675,39,Male,Africa,Clothing,135.8,2025-03-01,C,4,1
676,53,Male,Africa,Toys,55.44,2025-05-06,C,3,0
677,23,Male,Europe,Home,158.31,2025-07-26,C,3,0
678,20,Male,Americas,Home,72.89,2025-02-09,B,4,0
679,23,Male,Asia,Toys,91.01,2025-11-09,C,1,3
680,46,Male,Americas,Home,47.79,2025-11-05,C,4,0
681,55,Male,Americas,Clothing,31.46,2025-05-05,C,3,0
682,18,Female,Africa,Electronics,140.73,2025-09-17,A,4,0
683,36,Female,Europe,Home,96.95,2025-07-08,B,4,0
684,18,Female,Americas,Electronics,101.65,2025-03-12,B,3,0
685,18,Female,Asia,Toys,43.4,2025-06-24,A,1,0
686,18,Female,Africa,Home,91.78,2025-08-04,A,5,0
687,66,Female,Americas,Home,88.53,2025-11-14,B,1,2
688,20,Male,Africa,Clothing,44.02,2025-07-05,B,3,0
689,32,Female,Asia,Toys,101.26,2025-03-29,B,3,0
690,23,Male,Africa,Electronics,5.0,2025-02-24,A,5,1
691,34,Male,Asia,Home,67.19,2024-12-18,A,1,0
692,30,Female,Africa,Home,45.86,2025-02-27,C,5,0
693,29,Female,Europe,Electronics,37.07,2024-12-21,A,3,0
694,47,Male,Asia,Clothing,35.34,2025-01-16,A,3,0
695,51,Female,Americas,Clothing,87.12,2024-12-17,A,5,0
696,23,Other,Africa,Toys,41.47,2025-04-20,C,5,0
697,45,Male,Asia,Home,58.54,2025-11-08,C,2,0
698,54,Male,Europe,Clothing,73.81,2025-11-12,C,5,0
699,20,Other,Africa,Electronics,5.0,2025-07-06,C,3,1
700,58,Male,Africa,Electronics,77.54,2025-07-14,A,1,1
701,42,Male,Europe,Electronics,22.85,2025-02-21,A,3,0
702,25,Male,Africa,Electronics,103.04,2025-08-26,C,3,0
703,29,Female,Europe,Electronics,58.86,2025-02-13,A,4,0
704,27,Male,Africa,Home,60.4,2025-10-10,C,2,0
705,57,Male,Africa,Home,30.43,2025-04-22,C,5,0
706,37,Female,Europe,Home,72.13,2025-05-09,B,4,0
707,61,Male,Asia,Home,55.38,2025-05-03,A,3,0
708,23,Female,Asia,Clothing,124.24,2025-10-30,B,4,0
709,21,Male,Africa,Clothing,20.44,2025-02-27,B,2,0
710,35,Other,Americas,Home,92.95,2025-02-19,B,5,0
711,50,Male,Asia,Home,99.62,2025-06-27,B,5,0
712,50,Female,Europe,Clothing,22.92,2025-10-22,C,4,0
713,33,Male,Asia,Home,47.81,2025-05-01,C,3,0
714,18,Male,Asia,Electronics,66.41,2025-05-30,C,1,0
715,61,Male,Africa,Clothing,87.29,2025-01-28,C,2,0
716,63,Male,Americas,Electronics,65.12,2025-10-12,B,4,0
717,44,Male,Africa,Electronics,21.82,2025-11-19,A,5,0
718,19,Male,Europe,Electronics,5.0,2025-04-14,B,4,0
719,35,Male,Americas,Clothing,132.31,2025-09-01,B,2,0
720,68,Female,Europe,Electronics,60.76,2025-04-02,C,5,0
721,20,Female,Asia,Home,100.96,2025-06-19,C,3,0
722,58,Female,Americas,Home,75.41,2025-07-10,A,2,0
723,37,Male,Asia,Toys,23.21,2024-12-28,B,2,0
724,31,Female,Africa,Toys,60.75,2025-06-07,C,4,0
725,35,Male,Africa,Clothing,59.56,2025-09-10,A,4,0
726,30,Female,Europe,Toys,60.12,2025-10-04,B,3,1
727,56,Male,Europe,Home,45.22,2025-09-03,C,4,0
728,55,Female,Europe,Home,64.42,2025-10-08,A,5,0
729,66,Male,Europe,Home,82.75,2025-01-22,A,5,0
730,28,Male,Europe,Electronics,54.77,2025-04-04,A,2,0
731,18,Other,Africa,Clothing,73.88,2025-01-28,A,3,0
732,19,Female,Europe,Home,68.58,2025-09-28,C,2,0
733,44,Female,Americas,Home,83.51,2025-01-26,A,5,0
734,24,Female,Europe,Electronics,68.32,2025-01-08,A,3,0
735,47,Male,Americas,Clothing,80.19,2025-06-19,B,4,1
736,44,Other,Europe,Toys,159.68,2025-04-09,C,2,1
737,58,Male,Americas,Clothing,32.63,2025-08-16,C,3,1
738,38,Other,Americas,Clothing,61.79,2025-05-03,C,1,0
739,19,Female,Africa,Electronics,74.54,2025-05-14,B,2,0
740,63,Female,Europe,Home,75.04,2025-07-31,B,5,0
741,64,Other,Europe,Toys,70.26,2025-01-13,B,1,0
742,26,Female,Americas,Toys,75.02,2025-02-16,A,4,0
743,47,Male,Europe,Home,115.56,2025-07-01,C,4,0
744,21,Other,Asia,Home,116.59,2025-01-02,C,2,1
745,54,Male,Africa,Toys,88.83,2025-03-04,A,5,0
746,19,Female,Europe,Toys,36.76,2025-05-06,B,4,0
747,62,Other,Asia,Clothing,155.72,2025-07-03,B,5,1
748,60,Female,Asia,Toys,50.78,2025-02-04,A,3,0
749,38,Female,Asia,Home,134.12,2025-02-10,A,3,0
750,22,Female,Americas,Toys,131.5,2025-03-05,A,2,1
751,36,Female,Americas,Clothing,5.0,2025-03-18,A,3,0
752,63,Female,Americas,Electronics,90.53,2025-02-13,B,4,0
753,18,Female,Americas,Toys,108.02,2025-11-17,B,1,0
754,22,Female,Europe,Clothing,79.83,2025-02-01,A,2,1
755,26,Male,Asia,Toys,109.93,2025-03-18,C,4,0
756,25,Other,Europe,Toys,157.95,2025-08-30,C,2,0
757,21,Male,Africa,Electronics,103.03,2024-12-24,A,5,0
758,27,Male,Europe,Toys,64.32,2025-09-15,C,4,0
759,53,Other,Africa,Clothing,85.28,2025-10-21,A,5,1
760,62,Female,Americas,Toys,199.14,2025-11-10,B,2,0
761,62,Male,Europe,Home,65.62,2025-03-02,C,3,0
762,39,Female,Africa,Toys,56.25,2025-09-08,B,3,0
763,50,Female,Europe,Clothing,94.35,2025-03-19,B,2,0
764,47,Male,Europe,Electronics,75.69,2025-04-08,A,3,0
765,56,Male,Americas,Clothing,123.95,2025-06-15,C,4,0
766,67,Male,Africa,Clothing,39.76,2025-11-10,A,3,0
767,43,Male,Americas,Toys,8.75,2025-05-29,C,1,1
768,39,Male,Africa,Electronics,34.73,2025-08-06,A,5,0
769,23,Male,Americas,Electronics,52.1,2025-03-02,C,2,0
770,46,Male,Asia,Toys,153.31,2025-03-28,A,2,1
771,64,Male,Europe,Home,64.95,2025-05-20,C,3,0
772,32,Male,Europe,Home,105.73,2025-07-17,C,1,0
773,39,Male,Americas,Home,39.84,2025-04-19,B,5,0
774,39,Female,Africa,Electronics,93.77,2025-06-12,A,5,0
775,35,Male,Asia,Clothing,5.0,2025-01-18,C,2,1
776,26,Male,Americas,Clothing,5.0,2025-06-22,C,1,0
777,35,Other,Europe,Home,32.63,2025-05-28,B,1,0
778,60,Other,Americas,Toys,50.83,2025-11-21,C,5,0
779,57,Female,Asia,Toys,47.48,2025-06-02,B,3,1
780,66,Male,Europe,Toys,5.0,2025-04-22,B,2,0
781,34,Male,Americas,Clothing,64.86,2025-09-26,C,5,0
782,24,Female,Asia,Electronics,38.13,2025-03-07,B,5,0
783,46,Male,Asia,Toys,23.95,2025-06-29,C,2,0
784,41,Male,Africa,Electronics,62.76,2025-02-19,A,4,1
785,23,Female,Africa,Electronics,110.04,2025-07-24,C,4,1
786,49,Male,Asia,Toys,46.64,2025-02-04,A,1,0
787,52,Male,Europe,Home,103.89,2025-05-09,C,2,0
788,44,Female,Europe,Clothing,92.06,2025-04-24,B,3,0
789,68,Female,Europe,Home,69.06,2025-11-05,A,1,0
790,38,Male,Africa,Home,53.42,2025-05-31,A,5,1
791,35,Male,Asia,Toys,41.5,2025-01-25,B,5,0
792,40,Male,Asia,Toys,125.05,2025-01-31,C,5,0
793,52,Male,Americas,Home,13.11,2025-06-25,C,5,1
794,66,Female,Asia,Home,28.97,2025-11-30,A,3,0
795,34,Male,Americas,Clothing,16.56,2025-11-04,B,3,0
796,41,Male,Africa,Home,74.72,2025-02-07,C,1,0
797,32,Male,Asia,Home,6.92,2025-10-13,A,5,0
798,67,Male,Africa,Toys,88.08,2025-09-03,C,4,0
799,39,Male,Africa,Toys,38.91,2025-04-24,A,1,1
800,35,Female,Europe,Toys,74.6,2024-12-17,A,2,0
801,53,Male,Europe,Clothing,117.83,2025-03-07,B,4,1
802,68,Other,Asia,Toys,5.0,2025-04-22,C,4,0
803,47,Male,Europe,Clothing,70.76,2025-10-24,A,5,0
804,23,Female,Americas,Clothing,47.44,2025-01-04,B,2,0
805,27,Male,Europe,Toys,56.97,2025-11-12,C,1,0
806,35,Female,Europe,Electronics,5.0,2025-08-17,B,4,0
807,68,Female,Africa,Electronics,77.91,2025-04-02,A,4,0
808,30,Male,Asia,Clothing,80.67,2025-10-23,C,2,0
809,33,Other,Americas,Home,5.0,2025-04-22,A,1,0
810,61,Male,Africa,Clothing,5.0,2025-10-11,B,3,0
811,18,Male,Europe,Electronics,42.66,2025-04-24,A,5,0
812,54,Male,Europe,Electronics,33.47,2025-11-15,C,4,0
813,69,Male,Asia,Home,33.21,2025-02-04,B,1,1
814,39,Male,Asia,Home,81.87,2025-05-15,B,1,0
815,40,Male,Europe,Toys,135.28,2025-03-27,B,5,0
816,33,Male,Europe,Home,120.35,2025-11-04,B,5,0
817,20,Male,Europe,Home,85.84,2025-03-06,B,3,1
818,41,Male,Europe,Home,13.19,2025-03-05,B,4,1
819,42,Male,Americas,Toys,52.53,2025-09-08,B,2,0
820,64,Male,Americas,Home,96.68,2025-09-25,C,4,0
821,43,Male,Europe,Home,97.96,2025-07-05,A,3,0
822,22,Female,Asia,Home,19.44,2025-11-20,C,1,0
823,47,Male,Americas,Electronics,96.13,2025-01-04,A,4,0
824,59,Female,Asia,Clothing,81.09,2025-07-28,A,4,0
825,64,Male,Asia,Toys,118.25,2025-08-20,C,4,0
826,42,Other,Africa,Toys,67.5,2025-03-16,A,3,0
827,61,Female,Asia,Clothing,57.38,2025-09-04,C,4,1
828,41,Male,Americas,Home,38.2,2025-08-12,B,1,1
829,30,Male,Europe,Electronics,143.43,2025-07-21,B,2,0
830,44,Other,Americas,Electronics,32.31,2025-04-08,C,4,0
831,37,Other,Europe,Electronics,144.55,2025-09-26,B,2,1
832,49,Male,Africa,Clothing,88.71,2025-05-09,A,4,0
833,39,Male,Americas,Toys,101.84,2024-12-23,B,5,0
834,42,Male,Asia,Toys,5.0,2024-12-22,B,2,0
835,33,Male,Africa,Electronics,163.9,2025-03-21,C,2,0
836,47,Male,Asia,Electronics,68.65,2025-08-25,C,4,1
837,68,Male,Asia,Toys,53.04,2025-11-26,B,5,0
838,37,Female,Europe,Toys,137.86,2025-01-29,B,1,0
839,43,Other,Americas,Clothing,53.3,2025-11-10,A,3,0
840,35,Male,Americas,Home,180.98,2024-12-24,A,4,0
841,25,Female,Europe,Clothing,19.46,2025-06-17,A,5,0
842,51,Male,Europe,Electronics,9.62,2025-02-14,A,1,1
843,69,Male,Asia,Toys,63.42,2025-06-11,C,3,0
844,19,Male,Americas,Home,50.39,2025-05-12,C,1,0
845,42,Male,Africa,Home,51.17,2025-09-15,B,1,0
846,26,Female,Asia,Electronics,101.77,2025-04-12,C,4,0
847,67,Female,Asia,Toys,31.72,2025-02-09,C,1,0
848,59,Male,Americas,Home,56.45,2025-01-06,C,1,0
849,40,Male,Africa,Home,79.41,2025-07-16,B,2,0
850,66,Female,Africa,Electronics,94.77,2025-03-21,C,5,1
851,46,Other,Asia,Home,57.33,2025-10-16,A,5,1
852,36,Male,Asia,Clothing,93.6,2025-10-03,B,3,1
853,62,Male,Asia,Toys,38.08,2025-03-03,B,1,0
854,67,Male,Africa,Clothing,110.31,2025-10-08,A,1,0
855,61,Male,Asia,Toys,61.54,2024-12-20,A,2,1
856,46,Male,Asia,Toys,98.16,2025-09-28,B,5,0
857,27,Female,Asia,Electronics,177.56,2025-04-22,B,4,0
858,68,Female,Asia,Home,113.24,2024-12-11,B,1,0
859,52,Male,Africa,Home,98.35,2025-04-17,B,5,0
860,18,Female,Africa,Clothing,97.31,2025-02-26,C,4,0
861,49,Male,Asia,Toys,131.57,2025-09-04,B,4,1
862,23,Male,Europe,Home,76.65,2025-06-17,A,1,0
863,52,Male,Africa,Electronics,52.28,2024-12-01,C,5,0
864,40,Female,Africa,Electronics,89.68,2025-07-02,A,2,0
865,31,Female,Africa,Home,125.68,2025-01-19,B,1,0
866,30,Female,Europe,Home,59.37,2025-08-28,C,4,0
867,42,Male,Asia,Electronics,76.8,2025-03-09,A,5,0
868,64,Other,Europe,Toys,122.02,2025-07-31,B,2,0
869,28,Female,Asia,Toys,169.37,2025-11-08,C,4,0
870,42,Male,Asia,Home,12.66,2025-09-11,C,1,0
871,51,Female,Asia,Electronics,5.0,2025-04-05,B,1,1
872,47,Female,Americas,Clothing,64.86,2025-11-12,C,3,0
873,25,Male,Asia,Toys,86.8,2025-07-23,A,4,0
874,64,Female,Africa,Electronics,24.89,2025-01-14,A,4,0
875,33,Male,Asia,Clothing,66.64,2025-06-08,A,4,0
876,60,Female,Asia,Clothing,120.11,2025-07-04,C,1,1
877,43,Male,Europe,Home,162.92,2025-03-02,C,2,0
878,69,Female,Africa,Electronics,143.8,2025-05-04,C,1,0
879,19,Other,Europe,Home,111.31,2025-02-17,B,2,0
880,37,Female,Asia,Clothing,117.54,2025-06-19,C,3,1
881,41,Male,Americas,Home,79.77,2025-01-20,C,1,0
882,45,Female,Europe,Electronics,57.22,2025-02-15,A,1,2
883,24,Female,Asia,Electronics,107.81,2025-06-10,A,3,0
884,66,Female,Africa,Toys,111.14,2025-05-04,A,2,0
885,40,Female,Americas,Toys,44.85,2024-12-27,B,5,0
886,22,Male,Asia,Electronics,73.56,2025-03-14,C,2,0
887,26,Male,Asia,Home,89.32,2025-03-27,A,5,0
888,35,Male,Europe,Toys,110.58,2025-01-08,B,3,0
889,25,Female,Africa,Clothing,112.04,2025-05-10,B,4,0
890,36,Male,Europe,Electronics,91.32,2025-03-22,C,5,0
891,33,Male,Americas,Electronics,66.18,2025-09-20,B,3,0
892,18,Male,Americas,Clothing,32.79,2025-08-15,A,4,1
893,68,Female,Africa,Electronics,163.62,2025-02-10,C,5,0
894,40,Female,Asia,Home,107.15,2025-08-13,A,3,0
895,35,Male,Asia,Electronics,124.79,2025-06-20,A,5,0
896,27,Male,Africa,Clothing,86.63,2025-09-12,C,2,0
897,36,Male,Europe,Clothing,5.0,2024-12-06,A,5,1
898,22,Female,Asia,Home,86.46,2025-08-06,C,1,0
899,49,Male,Americas,Toys,151.5,2025-02-19,B,3,1
900,29,Female,Africa,Home,11.62,2025-08-06,B,4,0
901,31,Male,Europe,Clothing,23.43,2025-05-13,A,2,0
902,40,Male,Africa,Toys,34.0,2025-08-20,C,3,0
903,49,Female,Asia,Toys,63.33,2025-08-28,A,1,0
904,20,Female,Americas,Clothing,36.39,2025-07-28,A,1,0
905,28,Female,Americas,Toys,35.9,2025-07-18,C,4,0
906,45,Female,Americas,Clothing,86.93,2025-05-23,C,2,0
907,42,Female,Americas,Clothing,55.85,2025-07-30,C,4,0
908,35,Female,Africa,Toys,47.69,2025-05-17,C,5,0
909,20,Other,Asia,Electronics,132.25,2025-11-10,B,3,0
910,49,Female,Europe,Clothing,136.44,2025-02-14,A,5,0
911,20,Male,Americas,Electronics,119.73,2024-11-30,A,3,0
912,46,Female,Europe,Home,43.18,2025-05-15,A,2,0
913,61,Male,Europe,Home,59.01,2025-10-06,B,4,0
914,69,Female,Africa,Toys,171.59,2025-08-19,C,5,0
915,26,Male,Africa,Electronics,137.54,2025-09-25,B,4,0
916,37,Male,Asia,Electronics,45.02,2025-01-02,C,4,0
917,37,Female,Europe,Electronics,76.45,2025-10-01,B,5,0
918,47,Other,Europe,Toys,79.91,2025-02-07,A,5,0
919,62,Female,Americas,Electronics,110.29,2025-01-23,A,3,0
920,69,Male,Americas,Home,5.0,2025-04-16,B,1,0
921,19,Female,Africa,Home,126.03,2025-02-18,A,1,0
922,29,Male,Europe,Electronics,61.44,2025-01-30,C,5,1
923,28,Male,Asia,Electronics,80.86,2025-08-06,C,2,1
924,42,Female,Asia,Toys,103.14,2025-07-21,B,2,0
925,43,Female,Asia,Home,19.98,2025-06-23,B,3,0
926,52,Male,Asia,Electronics,6.87,2025-07-02,C,2,0
927,56,Female,Asia,Clothing,54.21,2025-11-08,C,2,0
928,44,Male,Europe,Toys,128.17,2025-11-18,B,5,0
929,19,Male,Europe,Electronics,71.75,2025-01-04,C,5,0
930,26,Male,Europe,Home,37.59,2025-06-03,C,2,1
931,57,Male,Africa,Electronics,124.25,2025-04-23,B,4,0
932,43,Male,Europe,Home,83.36,2025-08-14,C,4,0
933,43,Other,Americas,Electronics,56.22,2025-02-16,B,4,0
934,42,Female,Africa,Electronics,48.9,2025-07-01,A,5,0
935,53,Female,Europe,Toys,57.08,2024-12-02,C,4,1
936,33,Female,Asia,Home,104.59,2025-01-23,C,5,0
937,60,Male,Africa,Toys,119.06,2025-04-28,A,1,0
938,55,Female,Asia,Clothing,77.83,2025-09-05,C,5,0
939,56,Female,Americas,Toys,59.78,2025-05-21,A,1,0
940,66,Male,Americas,Toys,53.12,2025-01-12,A,5,0
941,60,Other,Americas,Home,7.7,2025-05-20,C,4,0
942,39,Male,Europe,Home,115.77,2025-02-08,B,1,0
943,48,Other,Asia,Home,89.52,2025-11-08,A,1,1
944,43,Female,Europe,Electronics,56.76,2024-12-20,C,4,0
945,41,Male,Africa,Clothing,149.02,2024-12-16,C,1,2
946,20,Female,Europe,Clothing,101.95,2025-04-15,B,3,0
947,38,Female,Europe,Home,90.14,2025-10-29,C,2,0
948,43,Female,Americas,Electronics,125.7,2025-05-14,B,3,0
949,23,Male,Africa,Clothing,83.17,2025-01-25,C,1,0
950,49,Male,Africa,Home,20.7,2025-05-27,A,4,0
951,55,Male,Europe,Home,95.52,2025-10-27,A,5,0
952,68,Male,Africa,Home,93.16,2025-10-06,C,4,0
953,68,Female,Asia,Toys,142.66,2025-02-08,C,1,0
954,67,Other,Europe,Toys,93.9,2025-07-16,B,4,0
955,45,Male,Europe,Clothing,83.82,2025-07-03,B,2,0
956,69,Male,Africa,Toys,90.93,2025-05-16,A,2,0
957,40,Female,Africa,Home,95.97,2025-02-21,A,5,0
958,57,Other,Africa,Electronics,61.17,2025-01-27,B,2,1
959,54,Male,Americas,Electronics,56.75,2025-03-09,B,1,0
960,18,Female,Europe,Home,84.89,2025-07-13,C,3,1
961,22,Female,Asia,Electronics,48.25,2025-04-21,B,1,1
962,52,Male,Africa,Electronics,70.25,2025-06-19,A,3,0
963,24,Other,Americas,Clothing,96.78,2025-11-04,B,2,0
964,37,Female,Europe,Clothing,109.49,2025-02-05,A,1,0
965,33,Female,Europe,Electronics,99.86,2025-02-01,A,3,0
966,53,Male,Americas,Electronics,5.0,2025-09-11,B,5,0
967,57,Female,Africa,Electronics,64.83,2025-06-01,A,1,0
968,57,Female,Africa,Toys,45.51,2025-05-26,A,5,0
969,52,Male,Africa,Home,96.76,2025-11-07,C,5,0
970,25,Male,Asia,Electronics,127.72,2025-11-23,A,2,0
971,25,Male,Asia,Toys,33.91,2025-04-22,B,5,1
972,49,Female,Africa,Clothing,129.48,2025-06-04,A,3,0
973,69,Female,Europe,Home,81.57,2024-12-04,C,1,1
974,47,Male,Europe,Toys,95.01,2025-09-08,A,4,0
975,20,Male,Americas,Clothing,106.32,2025-08-31,C,2,0
976,59,Male,Africa,Toys,65.2,2025-08-15,A,2,0
977,55,Female,Asia,Electronics,62.99,2025-04-14,C,4,1
978,33,Male,Europe,Clothing,131.95,2025-10-26,C,1,0
979,39,Female,Africa,Clothing,46.67,2025-05-07,A,1,1
980,47,Other,Africa,Toys,38.75,2025-07-13,C,5,1
981,63,Male,Africa,Clothing,5.0,2025-01-29,A,5,0
982,32,Male,Americas,Electronics,75.18,2024-12-22,B,3,1
983,59,Male,Asia,Clothing,5.0,2025-04-22,B,5,0
984,42,Female,Asia,Electronics,59.79,2025-10-20,C,2,0
985,19,Female,Europe,Toys,5.33,2025-03-06,A,2,0
986,42,Female,Africa,Home,76.16,2025-02-14,A,5,0
987,37,Female,Europe,Electronics,28.41,2025-04-22,B,5,0
988,25,Female,Americas,Toys,154.94,2025-05-16,A,5,0
989,23,Female,Americas,Electronics,119.45,2025-03-25,C,1,0
990,59,Female,Asia,Clothing,12.56,2025-09-17,C,5,0
991,45,Male,Asia,Clothing,99.98,2025-05-25,A,2,1
992,66,Female,Europe,Home,11.63,2025-01-12,A,2,1
993,38,Male,Asia,Clothing,108.34,2025-03-28,A,1,0
994,41,Female,Americas,Clothing,54.87,2025-03-10,A,2,0
995,33,Male,Asia,Home,78.62,2025-04-17,A,4,0
996,61,Female,Europe,Clothing,77.37,2024-12-05,A,4,0
997,59,Other,Africa,Electronics,56.43,2025-01-22,C,1,0
998,61,Male,Americas,Electronics,119.18,2025-05-07,A,2,0
999,40,Male,Americas,Clothing,126.95,2025-08-03,B,2,0
1000,25,Other,Africa,Home,82.15,2025-03-17,B,1,0
1001,37,Female,Americas,Clothing,122.23,2024-12-16,A,5,0
1002,57,Other,Europe,Clothing,46.92,2025-04-04,C,5,0
1003,19,Female,Europe,Home,122.17,2025-06-11,A,4,0
1004,52,Female,Africa,Home,92.47,2025-03-06,C,3,0
1005,66,Female,Asia,Electronics,130.53,2025-02-01,B,5,0
1006,33,Male,Europe,Clothing,23.7,2025-09-15,A,1,0
1007,60,Male,Africa,Home,99.93,2025-01-05,C,4,0
1008,36,Female,Americas,Home,93.94,2025-09-01,A,1,0
1009,23,Female,Asia,Electronics,24.1,2025-10-31,A,2,0
1010,45,Female,Asia,Home,104.22,2025-11-26,A,3,0
1011,20,Male,Africa,Clothing,94.24,2025-03-23,B,3,2
1012,26,Female,Africa,Home,80.33,2025-05-06,A,5,0
1013,66,Female,Asia,Home,46.31,2025-08-05,A,4,0
1014,37,Male,Europe,Electronics,69.43,2025-09-19,B,1,1
1015,37,Male,Asia,Toys,126.43,2025-02-24,A,2,1
1016,35,Female,Americas,Electronics,72.18,2025-03-05,C,1,0
1017,23,Female,Africa,Electronics,67.13,2025-10-13,A,2,0
1018,54,Female,Asia,Home,48.67,2025-11-30,A,3,1
1019,29,Male,Asia,Home,105.68,2025-03-07,B,5,0
1020,59,Female,Europe,Home,130.23,2024-12-11,B,3,1
1021,68,Male,Africa,Toys,61.43,2025-03-24,A,1,0
1022,43,Male,Africa,Electronics,62.5,2025-09-23,B,5,1
1023,60,Male,Asia,Toys,136.94,2025-07-15,B,3,0
1024,20,Female,Asia,Clothing,22.32,2025-10-09,C,3,1
1025,67,Female,Asia,Clothing,143.89,2025-08-17,A,3,1
1026,41,Female,Africa,Clothing,171.13,2025-06-16,B,5,0
1027,27,Female,Americas,Electronics,31.5,2025-01-10,C,5,0
1028,66,Male,Europe,Clothing,65.52,2025-04-17,A,5,0
1029,43,Male,Europe,Clothing,34.91,2025-04-08,C,3,0
1030,24,Other,Americas,Home,110.5,2025-02-25,A,1,0
1031,67,Male,Asia,Clothing,59.1,2025-06-19,B,3,0
1032,65,Other,Americas,Home,26.85,2024-12-05,B,1,0
1033,42,Female,Africa,Clothing,19.42,2025-10-01,B,5,0
1034,59,Female,Europe,Home,57.45,2025-02-15,A,5,0
1035,56,Female,Americas,Home,77.87,2025-11-08,C,5,0
1036,18,Male,Africa,Home,12.78,2025-06-13,B,1,0
1037,44,Female,Americas,Home,107.05,2025-02-18,C,5,0
1038,54,Male,Europe,Toys,6.89,2025-07-07,A,3,1
1039,48,Male,Africa,Clothing,186.06,2025-11-10,B,1,0
1040,19,Female,Americas,Home,59.13,2025-03-15,A,5,0
1041,54,Male,Africa,Electronics,46.05,2025-05-16,C,3,0
1042,54,Female,Africa,Clothing,123.01,2025-01-16,B,1,0
1043,24,Female,Africa,Electronics,36.85,2024-12-19,A,1,1
1044,56,Male,Africa,Toys,68.34,2024-12-08,C,3,0
1045,43,Male,Asia,Toys,66.49,2025-10-10,A,2,0
1046,23,Male,Americas,Toys,46.09,2025-06-21,B,4,0
1047,39,Female,Asia,Toys,77.2,2025-07-31,C,4,0
1048,50,Male,Asia,Toys,35.69,2025-04-30,C,5,0
1049,55,Male,Americas,Electronics,103.5,2025-09-22,B,1,0
1050,51,Female,Europe,Clothing,48.23,2025-04-23,C,1,0
1051,21,Male,Americas,Home,117.85,2025-06-01,C,4,0
1052,58,Male,Europe,Electronics,114.55,2025-04-22,A,3,1
1053,33,Male,Asia,Electronics,43.93,2025-10-16,B,2,0
1054,65,Male,Asia,Clothing,109.01,2025-02-21,C,3,0
1055,33,Male,Europe,Toys,137.44,2025-10-21,A,2,0
1056,66,Male,Asia,Home,87.04,2025-03-21,A,3,0
1057,28,Female,Asia,Toys,117.26,2025-01-27,C,1,1
1058,60,Female,Americas,Clothing,65.08,2025-07-16,B,4,1
1059,51,Male,Europe,Home,5.0,2025-04-05,C,5,0
1060,50,Male,Africa,Home,101.74,2025-03-16,C,2,0
1061,23,Female,Europe,Electronics,16.58,2025-06-25,A,1,0
1062,54,Female,Americas,Clothing,116.16,2025-09-01,A,5,0
1063,36,Female,Africa,Toys,57.42,2025-05-06,A,3,0
1064,36,Female,Europe,Toys,79.43,2025-08-10,C,2,1
1065,31,Female,Americas,Home,144.06,2025-06-11,C,2,1
1066,62,Female,Europe,Clothing,137.59,2024-12-23,B,5,0
1067,32,Female,Asia,Home,5.0,2025-11-29,A,4,1
1068,44,Male,Asia,Toys,114.0,2025-05-02,A,1,0
1069,21,Other,Americas,Electronics,104.87,2025-10-13,A,1,0
1070,33,Female,Americas,Home,49.18,2025-01-25,A,1,0
1071,62,Male,Asia,Clothing,42.98,2025-07-09,C,4,0
1072,45,Female,Europe,Clothing,132.05,2025-04-15,B,2,1
1073,22,Male,Africa,Toys,82.28,2025-06-11,A,1,1
1074,49,Female,Africa,Clothing,25.48,2025-03-10,C,1,0
1075,41,Female,Africa,Home,26.05,2025-01-05,B,3,0
1076,54,Other,Europe,Home,34.72,2025-01-04,B,1,1
1077,38,Male,Asia,Clothing,12.5,2024-12-16,A,5,0
1078,42,Female,Asia,Home,56.79,2025-02-19,C,1,0
1079,51,Other,Europe,Electronics,34.35,2025-08-16,B,1,0
1080,24,Male,Europe,Electronics,59.13,2025-01-21,B,1,0
1081,68,Female,Americas,Clothing,71.16,2025-09-18,A,5,0
1082,20,Male,Europe,Home,69.72,2025-06-24,C,1,0
1083,38,Female,Asia,Electronics,153.63,2025-03-04,B,5,1
1084,66,Female,Americas,Clothing,85.63,2025-02-06,A,2,0
1085,51,Male,Americas,Electronics,66.92,2025-07-20,A,1,0
1086,40,Male,Asia,Electronics,89.2,2025-04-22,B,4,0
1087,26,Other,Africa,Home,79.97,2025-05-29,C,3,0
1088,27,Male,Americas,Electronics,20.27,2025-02-04,B,3,0
1089,54,Male,Africa,Home,46.49,2025-09-14,A,1,0
1090,55,Female,Africa,Home,66.77,2024-12-06,C,2,0
1091,49,Female,Asia,Electronics,5.0,2025-11-03,C,3,0
1092,54,Male,Africa,Toys,5.0,2025-03-15,C,5,0
1093,31,Male,Asia,Toys,21.88,2024-12-23,C,2,0
1094,33,Female,Africa,Home,69.18,2025-04-12,B,4,0
1095,44,Female,Americas,Clothing,111.17,2025-01-06,A,1,0
1096,69,Male,Europe,Clothing,56.8,2025-08-29,B,3,0
1097,24,Male,Asia,Electronics,66.47,2024-12-03,C,4,1
1098,35,Male,Americas,Home,5.0,2025-06-12,C,1,0
1099,52,Female,Asia,Clothing,5.0,2025-11-15,A,5,0
1100,57,Female,Europe,Electronics,159.03,2025-09-22,B,3,0
1101,58,Male,Americas,Clothing,19.01,2025-10-10,A,1,0
1102,54,Female,Americas,Home,59.29,2025-03-11,A,5,0
1103,23,Male,Europe,Home,155.86,2025-05-20,B,4,0
1104,69,Female,Africa,Home,115.8,2025-08-19,C,5,0
1105,64,Female,Africa,Home,97.8,2025-05-12,C,3,1
1106,67,Other,Asia,Home,82.01,2025-06-20,C,3,0
1107,45,Female,Asia,Clothing,106.34,2025-07-20,C,2,0
1108,28,Female,Europe,Home,88.66,2025-01-25,A,2,0
1109,59,Male,Africa,Electronics,108.66,2025-07-09,A,1,1
1110,39,Female,Americas,Electronics,105.75,2025-07-16,A,5,0
1111,64,Male,Africa,Home,62.26,2025-07-29,C,2,1
1112,29,Male,Americas,Toys,73.51,2025-05-16,A,5,0
1113,24,Male,Asia,Home,69.82,2025-01-30,B,1,0
1114,65,Female,Europe,Electronics,100.94,2025-04-10,C,2,0
1115,65,Female,Europe,Home,97.22,2025-05-18,B,1,0
1116,39,Female,Africa,Toys,91.55,2025-10-30,C,3,0
1117,44,Male,Americas,Home,50.31,2025-10-24,C,5,1
1118,22,Male,Asia,Toys,60.01,2025-11-30,A,3,0
1119,45,Male,Africa,Toys,68.71,2025-01-30,B,4,0
1120,54,Male,Asia,Home,129.71,2025-06-06,C,4,0
1121,24,Male,Europe,Toys,49.24,2025-04-14,A,4,0
1122,28,Female,Africa,Toys,62.67,2025-04-12,A,3,0
1123,19,Male,Africa,Home,79.93,2025-07-17,C,3,0
1124,46,Male,Africa,Clothing,121.45,2025-03-14,A,4,0
1125,42,Female,Europe,Toys,117.92,2025-06-27,B,3,0
1126,31,Other,Africa,Home,121.47,2024-12-25,C,1,0
1127,23,Female,Africa,Clothing,5.0,2025-01-15,C,1,0
1128,62,Female,Europe,Electronics,10.23,2025-01-10,B,4,0
1129,45,Other,Europe,Home,88.69,2025-11-03,A,4,0
1130,28,Male,Americas,Home,5.0,2024-12-14,A,1,0
1131,34,Male,Europe,Toys,76.85,2025-04-03,A,2,0
1132,32,Male,Europe,Toys,126.9,2025-04-18,A,5,0
1133,62,Female,Americas,Electronics,89.75,2025-08-09,A,2,0
1134,21,Female,Americas,Toys,98.85,2025-02-15,B,3,1
1135,63,Female,Europe,Electronics,159.09,2025-09-25,A,5,2
1136,61,Other,Europe,Home,34.0,2025-01-26,A,3,0
1137,63,Female,Asia,Toys,33.5,2025-06-06,A,3,1
1138,20,Female,Africa,Home,91.96,2024-12-13,B,5,0
1139,60,Male,Americas,Home,28.98,2025-09-29,B,1,0
1140,35,Female,Americas,Home,68.97,2025-01-31,A,3,0
1141,31,Female,Africa,Toys,148.0,2025-06-18,A,5,0
1142,47,Female,Asia,Home,106.48,2025-09-24,C,4,0
1143,20,Male,Africa,Home,111.04,2025-08-01,B,1,0
1144,32,Male,Americas,Electronics,96.42,2025-01-01,C,2,0
1145,41,Male,Asia,Toys,83.57,2025-10-04,A,1,0
1146,62,Other,Europe,Electronics,47.42,2025-02-05,A,1,1
1147,28,Male,Africa,Toys,37.19,2025-11-25,B,2,0
1148,21,Male,Asia,Electronics,79.82,2025-04-13,A,5,1
1149,61,Female,Africa,Clothing,100.11,2025-11-29,A,2,0
1150,40,Male,Asia,Home,104.02,2025-01-31,B,5,0
1151,22,Other,Africa,Home,37.64,2025-10-25,A,4,0
1152,42,Male,Europe,Toys,83.12,2025-08-12,A,2,0
1153,67,Female,Europe,Toys,96.74,2025-01-09,B,2,0
1154,28,Male,Africa,Electronics,73.62,2025-06-06,B,5,0
1155,31,Female,Europe,Electronics,10.72,2024-12-16,C,1,0
1156,30,Female,Europe,Toys,100.11,2025-07-21,A,2,2
1157,50,Female,Africa,Clothing,134.43,2025-02-13,A,2,2
1158,60,Female,Asia,Clothing,42.87,2025-05-15,B,1,0
1159,62,Female,Europe,Clothing,73.19,2025-07-21,A,4,0
1160,50,Female,Americas,Home,62.94,2025-11-24,C,1,0
1161,39,Female,Asia,Toys,85.15,2025-05-03,A,4,0
1162,55,Male,Asia,Toys,100.4,2025-09-28,B,4,0
1163,57,Female,Europe,Home,41.07,2025-03-03,C,2,0
1164,18,Female,Europe,Home,73.45,2025-07-11,C,4,0
1165,62,Male,Americas,Toys,82.24,2025-11-02,B,4,0
1166,32,Female,Europe,Clothing,118.23,2025-10-22,C,2,0
1167,37,Male,Asia,Toys,48.49,2025-02-28,C,2,0
1168,47,Male,Europe,Electronics,160.84,2025-02-18,C,3,0
1169,44,Male,Asia,Toys,110.2,2025-04-19,A,5,0
1170,68,Other,Europe,Electronics,88.16,2025-02-08,C,4,0
1171,33,Female,Americas,Toys,169.16,2025-02-17,C,5,0
1172,30,Male,Africa,Electronics,35.0,2025-05-27,A,2,0
1173,21,Male,Europe,Home,5.0,2025-06-23,A,2,0
1174,42,Male,Americas,Clothing,77.87,2025-02-24,B,4,0
1175,23,Male,Asia,Home,47.07,2025-04-26,C,4,0
1176,21,Male,Europe,Clothing,80.01,2025-10-05,A,1,0
1177,22,Male,Europe,Home,109.96,2025-05-27,B,2,1
1178,31,Female,Europe,Toys,85.09,2025-08-03,B,2,1
1179,44,Female,Europe,Clothing,85.23,2025-10-21,B,5,0
1180,35,Female,Africa,Home,88.5,2025-09-27,B,3,0
1181,39,Female,Africa,Home,84.05,2025-11-11,C,2,0
1182,67,Female,Asia,Clothing,139.11,2025-10-24,C,2,0
1183,40,Other,Africa,Electronics,141.92,2025-02-20,C,2,0
1184,51,Male,Africa,Toys,5.0,2025-06-26,A,3,0
1185,25,Male,Americas,Home,72.5,2025-10-20,B,4,0
1186,54,Male,Asia,Clothing,110.12,2025-11-25,B,4,0
1187,32,Male,Europe,Toys,11.89,2025-06-23,A,1,1
1188,42,Male,Americas,Electronics,67.59,2025-06-03,C,1,0
1189,33,Female,Europe,Toys,132.58,2025-06-13,A,2,0
1190,52,Female,Asia,Electronics,5.0,2024-12-11,C,4,0
1191,18,Male,Africa,Clothing,119.57,2025-04-28,C,3,0
1192,32,Male,Asia,Electronics,44.72,2025-08-07,B,4,0
1193,61,Male,Africa,Electronics,110.83,2025-11-19,B,3,1
1194,49,Female,Europe,Electronics,47.43,2025-01-08,C,3,0
1195,55,Female,Africa,Home,131.56,2025-06-24,C,5,0
1196,60,Female,Americas,Toys,27.53,2025-08-18,B,1,0
1197,34,Male,Asia,Toys,125.28,2025-10-26,B,4,1
1198,61,Male,Europe,Toys,67.31,2025-08-19,B,2,0
1199,68,Male,Europe,Home,82.31,2025-03-14,C,4,0
1200,37,Female,Africa,Toys,97.77,2025-03-12,B,5,0
1201,30,Female,Africa,Home,29.08,2025-11-09,C,3,0
1202,68,Male,Europe,Home,26.74,2025-08-08,C,2,2
1203,65,Other,Americas,Toys,21.6,2025-05-29,C,4,0
1204,67,Other,Asia,Electronics,74.23,2025-11-05,B,4,1
1205,23,Male,Americas,Home,63.59,2025-03-03,B,4,0
1206,53,Male,Asia,Clothing,18.78,2024-12-30,C,2,1
1207,58,Female,Americas,Toys,81.09,2024-12-14,B,4,2
1208,32,Female,Asia,Home,91.87,2025-04-23,C,5,0
1209,30,Male,Europe,Electronics,118.87,2025-04-10,B,1,0
1210,54,Male,Americas,Clothing,156.3,2025-07-24,B,2,0
1211,19,Female,Africa,Clothing,105.82,2024-12-28,A,2,0
1212,62,Male,Americas,Clothing,48.22,2025-10-27,A,2,0
1213,32,Male,Americas,Clothing,75.5,2025-05-22,B,2,0
1214,51,Male,Africa,Home,40.56,2025-07-31,A,3,0
1215,41,Female,Asia,Electronics,89.99,2025-10-11,C,5,1
1216,68,Male,Asia,Electronics,77.31,2025-10-27,A,1,0
1217,59,Female,Europe,Home,33.34,2025-06-13,C,5,0
1218,20,Other,Asia,Electronics,74.45,2025-05-10,A,2,1
1219,68,Male,Americas,Toys,68.43,2025-07-29,C,1,0
1220,69,Male,Europe,Toys,39.18,2025-11-03,B,2,1
1221,34,Female,Americas,Toys,90.52,2025-06-22,C,4,0
1222,58,Female,Africa,Electronics,116.88,2025-11-09,B,1,0
1223,53,Female,Americas,Clothing,43.52,2024-12-17,A,1,0
1224,31,Male,Asia,Electronics,5.0,2025-02-04,A,4,1
1225,32,Male,Americas,Clothing,155.77,2025-01-18,C,1,0
1226,45,Other,Americas,Clothing,25.24,2025-06-26,A,4,0
1227,58,Male,Americas,Clothing,30.0,2025-10-27,A,4,1
1228,23,Male,Europe,Home,120.41,2025-05-27,A,4,0
1229,31,Female,Americas,Clothing,62.83,2025-07-04,C,4,1
1230,22,Female,Europe,Home,57.38,2025-08-19,C,2,0
1231,53,Male,Europe,Toys,5.0,2025-03-06,B,3,0
1232,60,Male,Africa,Home,7.96,2025-01-27,C,4,0
1233,30,Male,Africa,Home,96.41,2025-08-02,A,1,0
1234,33,Male,Africa,Toys,59.82,2025-09-24,B,2,0
1235,32,Female,Asia,Toys,102.48,2025-03-18,A,2,0
1236,42,Female,Americas,Clothing,48.82,2025-10-08,C,3,0
1237,55,Male,Americas,Home,101.5,2025-02-05,C,4,0
1238,40,Female,Europe,Home,92.81,2025-03-26,B,5,0
1239,27,Male,Asia,Electronics,100.48,2024-12-31,C,3,1
1240,61,Female,Asia,Home,199.16,2025-02-25,B,5,1
1241,23,Male,Americas,Toys,49.58,2025-02-10,B,1,0
1242,31,Female,Americas,Toys,5.0,2025-08-19,A,4,1
1243,22,Male,Americas,Toys,82.15,2025-10-08,A,5,0
1244,33,Female,Europe,Home,68.44,2025-03-04,B,2,1
1245,34,Male,Africa,Toys,28.69,2025-03-05,A,5,0
1246,36,Female,Europe,Electronics,67.71,2025-10-26,A,2,0
1247,33,Female,Europe,Toys,48.74,2025-01-20,A,4,0
1248,22,Female,Asia,Clothing,64.14,2025-09-15,B,4,0
1249,46,Male,Asia,Home,34.15,2025-05-26,C,3,0
1250,21,Female,Africa,Toys,38.15,2025-03-17,C,1,0
1251,66,Female,Asia,Clothing,107.46,2025-10-09,C,2,0
1252,65,Male,Americas,Home,108.43,2024-12-30,B,5,0
1253,63,Male,Europe,Electronics,71.29,2025-04-01,A,3,0
1254,33,Female,Europe,Electronics,53.24,2025-07-21,C,2,0
1255,42,Male,Asia,Electronics,83.34,2025-04-28,B,3,0
1256,42,Female,Asia,Toys,97.42,2025-04-18,A,5,1
1257,35,Female,Asia,Home,130.89,2025-09-07,C,1,0
1258,60,Male,Africa,Electronics,112.83,2025-07-09,C,3,1
1259,58,Female,Africa,Clothing,114.71,2024-12-16,A,3,1
1260,62,Female,Europe,Electronics,133.18,2025-07-05,B,4,0
1261,36,Female,Europe,Clothing,80.61,2025-05-20,B,2,0
1262,34,Female,Asia,Home,5.0,2025-08-26,A,1,0
1263,68,Female,Asia,Home,90.14,2025-10-30,A,4,0
1264,48,Male,Africa,Clothing,130.33,2025-02-07,B,5,0
1265,67,Other,Africa,Electronics,135.27,2025-09-29,A,2,0
1266,62,Male,Asia,Toys,96.95,2025-08-08,B,4,0
1267,31,Male,Americas,Toys,16.36,2025-02-25,B,2,0
1268,69,Female,Europe,Clothing,61.84,2025-07-23,C,2,0
1269,59,Female,Europe,Clothing,40.49,2025-11-07,B,4,0
1270,58,Female,Americas,Home,72.09,2025-07-17,A,5,1
1271,37,Male,Americas,Clothing,83.69,2025-02-06,A,2,1
1272,49,Female,Americas,Home,83.25,2025-10-07,C,1,0
1273,57,Male,Asia,Toys,112.87,2025-04-14,B,4,1
1274,69,Male,Americas,Electronics,115.98,2025-01-10,A,1,0
1275,46,Male,Europe,Electronics,84.86,2025-10-28,C,5,0
1276,31,Female,Americas,Toys,30.89,2025-01-08,A,4,0
1277,19,Male,Asia,Electronics,75.09,2025-07-27,A,1,0
1278,32,Male,Africa,Electronics,45.43,2024-12-30,A,1,0
1279,24,Female,Asia,Toys,79.84,2025-08-27,A,5,0
1280,50,Male,Asia,Toys,77.07,2025-04-02,C,2,0
1281,46,Female,Europe,Clothing,76.68,2025-07-18,B,3,0
1282,18,Male,Africa,Home,24.2,2025-01-30,C,5,0
1283,64,Female,Asia,Home,96.92,2025-07-09,B,4,0
1284,22,Female,Africa,Clothing,55.69,2025-09-19,A,4,0
1285,22,Male,Europe,Electronics,62.44,2025-03-30,A,5,0
1286,65,Male,Americas,Toys,21.55,2025-06-14,A,5,0
1287,19,Female,Africa,Home,130.8,2025-06-18,A,3,0
1288,26,Female,Americas,Electronics,74.81,2025-09-15,A,2,0
1289,27,Male,Europe,Clothing,17.72,2025-01-19,A,5,1
1290,24,Female,Americas,Clothing,58.32,2025-02-20,A,5,1
1291,66,Female,Africa,Electronics,71.38,2025-03-24,B,3,1
1292,55,Other,Africa,Clothing,87.86,2025-06-08,A,4,1
1293,25,Male,Asia,Toys,46.66,2024-12-24,A,5,0
1294,44,Female,Asia,Toys,116.95,2025-08-24,B,4,1
1295,32,Male,Americas,Toys,124.9,2025-10-17,B,5,0
1296,46,Female,Americas,Home,30.35,2025-09-03,B,1,0
1297,46,Female,Africa,Toys,36.85,2025-01-30,A,5,0
1298,66,Male,Africa,Clothing,61.95,2025-03-12,C,1,0
1299,58,Female,Europe,Clothing,127.2,2025-10-14,A,5,0
1300,22,Female,Asia,Electronics,120.36,2025-11-02,A,4,0
1301,56,Male,Africa,Electronics,120.26,2025-08-07,C,3,1
1302,20,Male,Europe,Clothing,67.55,2025-03-21,B,5,0
1303,25,Male,Asia,Clothing,33.43,2025-06-05,C,4,0
1304,67,Male,Europe,Home,93.67,2025-01-28,C,3,1
1305,52,Female,Asia,Clothing,28.52,2024-12-27,A,4,0
1306,58,Male,Asia,Clothing,45.61,2025-05-27,B,5,0
1307,43,Male,Americas,Electronics,20.41,2025-06-05,C,3,0
1308,38,Female,Americas,Toys,119.98,2025-07-11,C,2,0
1309,30,Female,Europe,Home,147.93,2025-02-11,B,4,0
1310,18,Male,Africa,Clothing,85.1,2025-03-24,C,5,0
1311,22,Male,Asia,Clothing,145.86,2025-04-17,B,1,0
1312,18,Male,Europe,Electronics,124.63,2025-09-15,B,1,0
1313,29,Female,Asia,Toys,11.17,2025-11-08,A,2,0
1314,50,Other,Europe,Home,65.68,2025-01-14,A,4,0
1315,61,Other,Europe,Toys,45.52,2025-03-21,C,5,0
1316,48,Female,Asia,Electronics,39.05,2025-09-15,A,1,0
1317,59,Other,Africa,Electronics,76.45,2025-06-02,A,2,0
1318,52,Male,Africa,Clothing,108.89,2024-12-27,B,3,0
1319,41,Female,Asia,Toys,75.18,2025-05-28,B,1,0
1320,18,Male,Europe,Clothing,105.15,2025-07-10,B,5,0
1321,68,Female,Africa,Home,125.39,2025-09-27,A,1,0
1322,31,Female,Asia,Toys,114.97,2025-05-05,A,4,0
1323,50,Female,Africa,Clothing,38.87,2025-02-08,C,5,0
1324,46,Male,Africa,Electronics,64.46,2025-08-03,A,1,0
1325,29,Female,Africa,Clothing,82.55,2024-12-06,B,2,0
1326,56,Female,Asia,Home,59.26,2025-03-04,B,5,1
1327,56,Male,Americas,Home,146.59,2025-11-24,A,2,0
1328,18,Other,Europe,Toys,98.97,2025-08-23,C,3,0
1329,68,Other,Africa,Home,137.36,2025-11-16,A,3,0
1330,29,Male,Africa,Electronics,94.83,2025-10-28,A,4,0
1331,55,Male,Americas,Toys,93.53,2025-11-23,B,4,0
1332,43,Female,Europe,Toys,41.32,2025-05-16,B,5,0
1333,66,Female,Asia,Clothing,79.73,2025-09-15,B,1,0
1334,46,Female,Europe,Electronics,98.32,2025-01-26,C,4,0
1335,31,Male,Asia,Home,120.45,2025-04-15,B,2,0
1336,42,Male,Asia,Clothing,74.63,2025-11-12,A,5,0
1337,67,Female,Africa,Clothing,6.46,2025-08-29,C,5,0
1338,46,Male,Americas,Clothing,105.01,2025-10-18,B,1,0
1339,24,Female,Europe,Clothing,7.24,2025-07-24,A,4,0
1340,61,Female,Africa,Electronics,154.88,2025-06-07,C,4,1
1341,19,Male,Africa,Home,22.03,2025-10-12,C,5,0
1342,33,Male,Africa,Home,5.0,2024-12-09,B,5,0
1343,33,Female,Europe,Electronics,13.39,2025-07-31,B,5,1
1344,30,Male,Asia,Toys,142.01,2025-04-20,C,4,0
1345,53,Male,Europe,Toys,5.0,2025-02-04,A,5,1
1346,31,Male,Africa,Clothing,75.71,2025-01-02,A,3,0
1347,24,Female,Asia,Toys,75.17,2025-01-04,C,4,1
1348,59,Male,Asia,Toys,10.32,2025-06-20,A,1,0
1349,59,Male,Americas,Home,35.81,2025-01-12,C,5,1
1350,66,Male,Europe,Home,93.27,2025-03-29,B,1,1
1351,39,Female,Americas,Toys,27.49,2024-12-31,B,1,0
1352,26,Female,Asia,Toys,19.1,2025-03-09,B,4,0
1353,40,Male,Europe,Electronics,89.39,2024-12-09,C,4,1
1354,56,Male,Americas,Electronics,65.47,2025-08-30,C,1,0
1355,36,Female,Europe,Home,106.86,2025-07-13,A,2,0
1356,42,Other,Europe,Electronics,131.55,2025-08-31,C,4,0
1357,35,Female,Africa,Home,86.41,2025-03-22,B,4,0
1358,21,Male,Asia,Home,118.71,2025-11-03,B,5,1
1359,55,Male,Europe,Toys,5.0,2025-11-05,B,2,0
1360,58,Female,Africa,Home,95.4,2025-10-31,A,4,0
1361,28,Female,Africa,Home,83.66,2025-11-16,C,3,0
1362,44,Other,Americas,Toys,97.5,2025-10-23,B,4,0
1363,64,Female,Americas,Toys,52.82,2025-08-20,C,4,0
1364,56,Other,Asia,Electronics,98.87,2025-11-13,B,1,0
1365,38,Male,Americas,Clothing,71.72,2025-01-21,A,5,1
1366,52,Male,Asia,Electronics,37.77,2025-10-27,B,1,0
1367,18,Female,Asia,Home,51.04,2025-08-21,C,5,0
1368,50,Male,Africa,Home,24.97,2025-03-10,A,1,1
1369,60,Male,Africa,Clothing,78.78,2025-10-05,A,1,0
1370,52,Female,Americas,Home,122.82,2025-06-01,C,3,0
1371,45,Female,Europe,Clothing,50.86,2025-03-20,B,2,0
1372,39,Male,Asia,Electronics,60.97,2025-09-08,A,5,1
1373,52,Female,Europe,Clothing,65.85,2025-06-07,C,3,0
1374,49,Other,Africa,Home,69.46,2025-05-06,A,1,0
1375,66,Female,Europe,Home,125.16,2025-11-24,B,4,0
1376,67,Male,Europe,Electronics,72.66,2025-08-01,A,1,0
1377,63,Male,Americas,Toys,66.93,2025-01-05,B,3,1
1378,66,Male,Africa,Electronics,112.27,2025-01-16,C,2,0
1379,54,Male,Americas,Clothing,62.63,2025-06-24,C,2,0
1380,35,Female,Asia,Clothing,147.9,2025-11-12,B,5,0
1381,34,Male,Asia,Home,79.9,2025-03-13,A,2,0
1382,34,Male,Africa,Toys,59.88,2025-07-17,A,2,1
1383,19,Male,Europe,Electronics,49.65,2025-10-02,B,1,0
1384,55,Female,Europe,Electronics,71.63,2025-08-21,C,3,0
1385,29,Male,Europe,Electronics,124.61,2024-12-05,B,4,1
1386,40,Female,Americas,Home,102.32,2025-11-23,A,5,0
1387,25,Male,Europe,Clothing,137.45,2025-03-30,A,3,0
1388,59,Female,Asia,Clothing,63.5,2025-11-20,B,5,0
1389,35,Male,Americas,Electronics,98.97,2025-02-07,C,2,1
1390,19,Female,Americas,Toys,182.02,2025-05-17,B,1,1
1391,28,Female,Americas,Home,90.93,2024-12-07,C,1,0
1392,55,Male,Africa,Electronics,42.26,2025-10-02,B,3,0
1393,27,Male,Africa,Toys,92.87,2024-12-19,C,5,1
1394,22,Other,Africa,Home,34.01,2025-11-14,A,1,0
1395,18,Male,Europe,Clothing,48.67,2025-06-09,B,1,0
1396,69,Female,Africa,Clothing,48.05,2025-09-15,B,5,0
1397,39,Female,Europe,Clothing,5.0,2025-10-05,B,2,0
1398,59,Other,Europe,Toys,100.25,2025-09-23,C,1,1
1399,67,Other,Americas,Electronics,55.23,2024-12-24,B,4,0
1400,51,Male,Africa,Clothing,43.5,2025-06-14,C,3,1
1401,32,Female,Americas,Clothing,90.85,2025-07-30,A,3,0
1402,65,Female,Americas,Toys,106.85,2025-07-29,C,2,0
1403,52,Female,Europe,Toys,32.43,2025-07-24,B,2,1
1404,64,Male,Africa,Home,97.66,2025-01-11,A,4,0
1405,47,Other,Europe,Clothing,16.34,2025-07-09,C,2,0
1406,44,Female,Americas,Electronics,123.73,2025-01-15,C,5,0
1407,32,Male,Africa,Home,68.35,2025-10-04,A,3,0
1408,30,Male,Americas,Clothing,5.0,2025-05-09,B,1,0
1409,54,Female,Americas,Electronics,5.0,2025-09-20,C,5,0
1410,41,Male,Americas,Toys,125.05,2025-03-20,A,2,0
1411,55,Male,Americas,Electronics,73.03,2025-09-01,A,3,0
1412,42,Male,Americas,Electronics,118.1,2024-12-20,C,1,0
1413,63,Female,Americas,Clothing,45.13,2025-11-16,C,3,0
1414,26,Female,Asia,Clothing,120.16,2025-02-28,A,4,1
1415,23,Male,Asia,Toys,63.03,2025-04-03,A,2,0
1416,68,Male,Africa,Electronics,158.14,2025-01-12,B,3,0
1417,39,Male,Europe,Electronics,45.04,2025-07-15,A,1,0
1418,41,Female,Africa,Toys,41.52,2025-11-16,C,1,0
1419,53,Female,Asia,Toys,65.31,2025-03-21,C,1,0
1420,65,Other,Americas,Toys,92.18,2025-01-18,A,5,1
1421,28,Male,Asia,Clothing,50.21,2025-07-13,B,1,0
1422,44,Female,Africa,Home,56.95,2025-05-03,A,4,0
1423,66,Female,Asia,Electronics,19.08,2025-01-29,B,3,0
1424,32,Male,Americas,Home,43.15,2025-08-04,B,1,0
1425,65,Female,Asia,Electronics,64.66,2025-11-15,C,3,0
1426,24,Female,Africa,Home,38.9,2025-08-10,A,2,1
1427,49,Other,Europe,Toys,64.46,2025-01-25,C,1,0
1428,54,Male,Americas,Home,133.02,2025-05-29,B,2,0
1429,61,Male,Africa,Toys,58.23,2025-06-01,A,4,0
1430,55,Other,Americas,Clothing,115.89,2025-07-16,A,5,0
1431,32,Female,Europe,Toys,111.78,2025-09-02,B,3,0
1432,36,Male,Asia,Toys,70.25,2025-06-10,B,5,0
1433,57,Female,Africa,Clothing,127.51,2025-08-30,C,1,1
1434,53,Male,Americas,Clothing,55.37,2025-08-22,A,3,0
1435,25,Male,Asia,Toys,109.93,2025-03-22,C,1,0
1436,40,Female,Asia,Electronics,85.47,2025-08-12,B,4,0
1437,51,Female,Europe,Electronics,5.0,2025-11-25,C,3,0
1438,57,Male,Americas,Toys,86.55,2025-11-16,A,5,0
1439,19,Other,Asia,Electronics,32.19,2025-01-15,B,5,1
1440,53,Male,Africa,Toys,51.2,2025-05-16,C,1,0
1441,21,Female,Asia,Home,83.47,2025-01-28,C,4,0
1442,23,Male,Africa,Electronics,150.1,2025-11-07,A,4,1
1443,23,Male,Europe,Electronics,79.82,2025-08-05,B,4,0
1444,42,Female,Europe,Home,124.88,2025-01-31,C,4,0
1445,50,Female,Africa,Toys,95.55,2025-07-11,B,2,0
1446,49,Male,Europe,Clothing,5.0,2025-05-30,C,1,0
1447,54,Male,Americas,Electronics,65.17,2025-06-24,C,4,0
1448,59,Female,Africa,Clothing,142.77,2025-02-14,A,5,1
1449,39,Other,Asia,Toys,129.77,2025-02-24,A,4,0
1450,18,Female,Asia,Toys,147.15,2025-08-23,C,3,2
1451,61,Female,Europe,Toys,85.44,2025-01-25,A,4,0
1452,45,Male,Americas,Electronics,65.06,2025-07-25,A,4,0
1453,42,Other,Europe,Toys,45.48,2025-02-07,C,4,1
1454,55,Male,Americas,Clothing,90.37,2025-10-19,B,4,0
1455,40,Female,Asia,Home,91.97,2025-06-14,C,1,1
1456,29,Female,Africa,Toys,103.93,2025-04-30,B,5,0
1457,69,Female,Americas,Electronics,119.66,2025-07-20,A,3,0
1458,24,Other,Europe,Home,83.74,2025-02-10,C,5,0
1459,43,Male,Europe,Toys,138.59,2025-07-05,C,3,0
1460,41,Other,Americas,Electronics,78.51,2025-06-05,C,3,0
1461,42,Female,Europe,Electronics,76.83,2025-08-30,C,2,1
1462,55,Male,Asia,Clothing,60.59,2025-07-07,C,2,0
1463,32,Female,Africa,Home,95.46,2024-12-02,A,5,0
1464,68,Female,Asia,Toys,64.19,2025-10-07,C,3,0
1465,46,Other,Asia,Clothing,74.8,2025-01-22,B,3,0
1466,54,Male,Africa,Home,95.12,2025-10-08,C,5,0
1467,65,Female,Africa,Toys,80.16,2025-08-01,B,4,0
1468,40,Other,Asia,Toys,69.86,2024-12-04,A,4,0
1469,50,Male,Europe,Clothing,103.07,2025-07-08,A,2,0
1470,32,Male,Africa,Electronics,60.31,2025-01-31,C,3,0
1471,64,Male,Africa,Clothing,108.86,2024-12-18,B,3,0
1472,58,Female,Americas,Clothing,38.2,2025-04-11,B,4,0
1473,28,Other,Americas,Clothing,89.98,2025-07-16,B,4,0
1474,30,Female,Americas,Toys,5.0,2024-12-26,B,2,1
1475,41,Male,Americas,Toys,81.62,2025-01-04,A,3,0
1476,27,Male,Americas,Electronics,60.47,2025-01-11,A,3,0
1477,25,Male,Asia,Clothing,74.59,2025-08-04,A,2,1
1478,29,Male,Asia,Home,78.81,2025-02-19,A,2,0
1479,52,Male,Asia,Toys,148.58,2025-04-14,C,4,0
1480,64,Female,Americas,Electronics,61.42,2025-04-11,A,5,0
1481,22,Male,Asia,Electronics,62.4,2025-11-09,A,4,0
1482,41,Male,Europe,Toys,109.32,2025-06-11,C,3,0
1483,21,Male,Americas,Home,5.0,2025-08-21,B,5,0
1484,62,Female,Asia,Toys,100.2,2025-11-11,A,1,0
1485,62,Female,Africa,Electronics,62.01,2025-07-03,A,3,0
1486,66,Female,Africa,Electronics,96.1,2025-03-12,C,3,0
1487,66,Female,Asia,Home,113.32,2025-04-16,B,3,0
1488,53,Female,Americas,Home,137.89,2025-01-17,C,4,0
1489,30,Male,Africa,Home,123.45,2025-05-29,B,2,1
1490,36,Female,Asia,Clothing,99.96,2025-09-07,A,3,0
1491,26,Male,Africa,Electronics,50.54,2025-04-10,B,1,0
1492,29,Male,Africa,Toys,152.25,2025-07-26,C,4,0
1493,51,Male,Europe,Home,70.3,2025-04-03,C,4,0
1494,38,Other,Europe,Toys,165.71,2025-02-11,C,3,0
1495,65,Female,Americas,Toys,79.97,2025-10-28,A,4,0
1496,59,Female,Europe,Clothing,5.0,2025-05-05,A,5,0
1497,26,Male,Europe,Toys,12.17,2025-07-31,C,1,1
1498,26,Male,Europe,Toys,26.92,2025-03-02,B,4,0
1499,33,Male,Africa,Home,154.83,2025-07-10,A,3,0
1500,18,Male,Europe,Clothing,91.13,2025-05-03,B,1,0
1501,57,Female,Europe,Home,113.0,2025-07-11,B,1,1
1502,21,Male,Americas,Clothing,90.91,2025-11-07,B,1,0
1503,31,Female,Europe,Home,98.94,2025-03-27,A,2,0
1504,22,Female,Africa,Electronics,5.0,2025-07-02,B,1,0
1505,57,Female,Europe,Toys,91.4,2025-10-03,C,2,1
1506,24,Male,Asia,Clothing,135.42,2025-01-19,B,3,0
1507,54,Female,Asia,Clothing,102.47,2025-05-19,B,5,0
1508,27,Male,Africa,Toys,70.19,2025-03-11,B,4,0
1509,43,Female,Asia,Home,41.9,2025-09-22,A,1,1
1510,49,Male,Africa,Toys,61.82,2025-06-13,A,3,0
1511,32,Male,Americas,Clothing,133.17,2025-10-14,B,1,0
1512,57,Male,Americas,Toys,132.51,2025-05-13,A,3,0
1513,46,Female,Africa,Clothing,23.54,2024-12-27,B,2,0
1514,36,Female,Europe,Toys,5.0,2025-11-24,A,3,0
1515,53,Female,Africa,Toys,75.81,2025-04-06,C,3,0
1516,48,Male,Africa,Electronics,53.75,2025-04-16,A,4,0
1517,43,Male,Americas,Clothing,40.88,2025-03-25,A,5,0
1518,53,Male,Europe,Toys,130.58,2025-06-03,B,4,0
1519,52,Female,Europe,Home,33.97,2024-12-23,A,4,0
1520,44,Female,Europe,Home,23.21,2025-06-20,A,3,0
1521,22,Female,Asia,Home,12.56,2025-02-14,C,1,0
1522,35,Female,Africa,Toys,5.0,2025-04-10,C,3,0
1523,36,Female,Asia,Electronics,15.35,2025-10-17,C,2,0
1524,53,Male,Africa,Toys,118.15,2025-03-15,C,4,0
1525,59,Male,Europe,Electronics,22.26,2025-02-20,A,1,2
1526,22,Female,Africa,Electronics,90.53,2025-08-09,C,5,0
1527,41,Female,Americas,Electronics,86.46,2025-03-15,A,2,1
1528,66,Female,Africa,Electronics,117.84,2025-07-20,A,4,1
1529,44,Female,Africa,Electronics,88.87,2025-06-20,B,3,0
1530,26,Male,Asia,Home,91.73,2025-08-22,C,4,0
1531,27,Female,Europe,Electronics,104.56,2025-06-23,A,1,0
1532,42,Male,Europe,Toys,55.95,2025-06-09,A,4,1
1533,57,Male,Europe,Home,113.55,2025-07-21,A,4,1
1534,58,Male,Europe,Clothing,80.28,2025-02-21,A,1,0
1535,40,Female,Europe,Clothing,84.12,2025-06-13,C,3,0
1536,68,Female,Africa,Electronics,93.07,2025-08-17,C,5,0
1537,24,Female,Americas,Electronics,88.96,2025-10-29,B,2,0
1538,30,Male,Americas,Toys,76.81,2025-11-18,A,2,0
1539,58,Female,Europe,Electronics,49.39,2025-11-04,B,4,0
1540,26,Other,Asia,Electronics,89.93,2025-07-27,B,5,0
1541,58,Female,Americas,Home,5.0,2025-10-04,B,4,0
1542,63,Female,Americas,Electronics,60.56,2025-01-15,C,1,0
1543,53,Female,Africa,Home,72.67,2025-01-12,B,2,0
1544,47,Male,Americas,Home,5.0,2025-07-28,B,5,0
1545,27,Female,Africa,Home,45.28,2024-12-31,B,1,0
1546,58,Male,Europe,Electronics,78.31,2025-03-21,A,3,0
1547,35,Other,Americas,Home,8.1,2025-11-09,B,5,0
1548,52,Female,Americas,Electronics,100.74,2025-10-19,A,3,0
1549,69,Other,Americas,Home,37.81,2025-02-26,B,4,0
1550,48,Male,Europe,Clothing,67.8,2025-04-22,B,3,0
1551,46,Female,Europe,Electronics,41.96,2025-11-23,C,4,1
1552,24,Female,Americas,Toys,96.69,2025-05-27,B,1,2
1553,32,Female,Africa,Electronics,67.58,2024-12-15,C,3,1
1554,27,Male,Africa,Electronics,25.09,2025-06-03,C,2,0
1555,66,Female,Asia,Electronics,80.52,2025-03-15,A,4,0
1556,43,Male,Asia,Clothing,75.42,2025-01-24,C,4,0
1557,41,Male,Asia,Home,82.64,2025-06-19,B,5,0
1558,42,Male,Asia,Home,113.97,2025-06-20,A,2,0
1559,44,Male,Asia,Electronics,62.85,2025-03-21,C,4,0
1560,21,Female,Asia,Home,74.91,2025-01-27,A,4,0
1561,42,Female,Americas,Electronics,130.01,2025-09-22,C,1,1
1562,60,Male,Africa,Toys,68.33,2025-03-05,B,2,0
1563,55,Male,Asia,Electronics,29.04,2025-09-15,A,4,0
1564,34,Other,Americas,Home,107.76,2025-11-29,C,2,0
1565,36,Male,Americas,Toys,107.89,2025-02-14,B,3,0
1566,29,Male,Europe,Toys,112.04,2024-12-01,C,4,0
1567,19,Female,Americas,Clothing,104.36,2025-07-19,A,5,0
1568,69,Male,Africa,Clothing,90.43,2024-12-22,B,1,0
1569,61,Male,Americas,Electronics,93.91,2025-11-25,A,3,0
1570,49,Male,Africa,Electronics,78.36,2024-12-08,C,3,0
1571,23,Male,Europe,Electronics,36.88,2025-08-21,B,4,0
1572,32,Male,Americas,Home,111.84,2025-10-01,C,2,0
1573,21,Male,Americas,Clothing,130.94,2025-11-21,B,4,0
1574,27,Male,Asia,Clothing,66.32,2025-03-16,C,3,0
1575,38,Male,Americas,Home,88.76,2025-02-06,B,1,0
1576,26,Male,Africa,Electronics,90.43,2025-02-19,A,3,1
1577,20,Male,Asia,Home,75.06,2025-10-13,B,1,0
1578,58,Female,Africa,Home,12.27,2024-12-12,C,1,0
1579,47,Male,Europe,Electronics,40.21,2024-12-15,C,4,1
1580,41,Female,Africa,Electronics,82.44,2025-04-01,A,4,0
1581,65,Male,Americas,Electronics,105.6,2025-05-19,A,3,0
1582,46,Female,Europe,Toys,145.99,2025-02-05,C,2,0
1583,35,Male,Americas,Toys,10.36,2025-09-18,B,5,0
1584,26,Other,Europe,Toys,94.2,2025-02-04,B,2,0
1585,62,Male,Europe,Electronics,6.53,2025-08-24,A,2,0
1586,58,Other,Africa,Electronics,90.27,2025-05-20,C,5,0
1587,40,Other,Europe,Clothing,93.15,2025-06-14,C,4,0
1588,38,Male,Americas,Electronics,104.88,2025-10-25,A,4,1
1589,20,Male,Europe,Toys,71.47,2025-08-08,C,5,0
1590,59,Female,Europe,Electronics,178.44,2025-06-19,A,4,0
1591,33,Male,Asia,Clothing,102.74,2025-08-21,C,5,0
1592,29,Male,Americas,Toys,96.87,2025-06-28,A,1,1
1593,51,Other,Asia,Electronics,75.58,2025-04-07,B,1,0
1594,42,Male,Asia,Clothing,150.86,2025-08-27,A,4,0
1595,38,Male,Africa,Home,127.94,2025-05-31,A,1,0
1596,44,Female,Asia,Toys,71.96,2025-11-07,A,1,0
1597,49,Male,Americas,Home,145.81,2025-08-06,B,2,0
1598,20,Female,Asia,Clothing,107.75,2025-09-05,B,1,0
1599,58,Female,Africa,Home,49.8,2025-06-16,A,2,0
1600,58,Female,Asia,Clothing,31.77,2025-06-26,A,5,0
1601,21,Male,Africa,Home,112.87,2025-10-07,A,1,0
1602,36,Female,Africa,Clothing,22.26,2025-10-04,C,4,1
1603,36,Female,Asia,Electronics,85.42,2024-12-09,C,2,0
1604,53,Female,Americas,Clothing,147.84,2025-06-21,A,3,0
1605,69,Male,Europe,Clothing,39.75,2025-10-18,B,2,0
1606,51,Male,Africa,Home,100.95,2025-02-25,C,1,0
1607,31,Male,Asia,Home,73.67,2025-01-23,B,2,0
1608,20,Other,Americas,Toys,98.59,2024-12-26,C,1,0
1609,60,Male,Europe,Home,86.73,2025-01-23,A,5,0
1610,53,Female,Asia,Clothing,45.36,2025-09-18,A,5,0
1611,65,Female,Asia,Clothing,59.34,2025-10-26,C,3,0
1612,56,Female,Americas,Electronics,47.29,2025-03-15,A,1,0
1613,52,Female,Asia,Toys,28.63,2025-02-12,C,2,0
1614,58,Male,Americas,Clothing,66.12,2025-11-30,A,1,0
1615,32,Male,Asia,Toys,5.0,2025-08-24,B,1,0
1616,64,Female,Asia,Toys,99.64,2025-11-17,C,4,0
1617,18,Male,Americas,Home,151.48,2025-07-29,A,3,0
1618,24,Female,Europe,Home,74.86,2024-12-30,A,5,1
1619,67,Female,Africa,Electronics,120.35,2025-04-18,C,2,0
1620,59,Female,Americas,Electronics,30.36,2025-08-14,B,4,0
1621,65,Male,Americas,Clothing,86.17,2025-11-29,C,1,1
1622,55,Female,Europe,Electronics,5.0,2025-03-13,A,1,0
1623,30,Female,Europe,Home,32.95,2025-06-09,B,3,0
1624,56,Female,Europe,Toys,46.98,2025-05-10,C,2,1
1625,57,Male,Americas,Electronics,95.74,2025-11-15,B,5,0
1626,47,Male,Asia,Clothing,34.61,2025-05-03,A,3,0
1627,38,Male,Europe,Toys,5.0,2024-12-12,A,4,0
1628,66,Female,Africa,Toys,5.0,2025-05-12,C,3,0
1629,22,Female,Americas,Clothing,48.41,2025-02-03,A,3,1
1630,49,Male,Africa,Toys,27.74,2025-09-23,B,1,0
1631,37,Female,Asia,Home,190.52,2025-06-05,C,2,0
1632,61,Female,Asia,Electronics,108.8,2024-12-25,B,4,0
1633,45,Male,Americas,Clothing,25.09,2025-09-10,C,5,0
1634,50,Female,Asia,Home,37.29,2025-01-22,B,1,0
1635,64,Other,Asia,Home,51.4,2024-12-29,A,2,1
1636,68,Male,Africa,Clothing,103.47,2025-06-08,A,3,0
1637,37,Female,Americas,Electronics,65.27,2025-02-13,B,4,1
1638,40,Male,Americas,Clothing,84.57,2025-07-01,A,4,1
1639,39,Male,Asia,Electronics,110.99,2024-12-18,C,1,0
1640,39,Male,Europe,Clothing,48.98,2025-04-24,A,2,1
1641,43,Female,Africa,Electronics,55.44,2025-01-24,B,1,1
1642,55,Other,Africa,Home,36.9,2024-12-06,A,5,0
1643,61,Female,Africa,Electronics,68.35,2025-06-14,B,2,0
1644,27,Male,Americas,Electronics,85.4,2025-08-05,B,2,0
1645,47,Female,Asia,Clothing,56.3,2025-03-07,B,1,0
1646,63,Female,Asia,Clothing,46.47,2025-07-10,B,5,0
1647,45,Female,Asia,Electronics,5.0,2025-07-02,A,1,0
1648,38,Male,Africa,Clothing,7.73,2024-12-11,B,3,0
1649,28,Female,Asia,Electronics,110.05,2025-10-16,C,1,2
1650,46,Female,Asia,Electronics,54.35,2025-10-04,A,4,0
1651,29,Male,Americas,Clothing,66.02,2025-11-05,B,3,0
1652,48,Male,Americas,Clothing,110.2,2024-12-10,B,2,0
1653,31,Female,Americas,Clothing,64.26,2025-06-18,C,2,0
1654,64,Other,Asia,Home,120.18,2025-04-13,C,4,0
1655,18,Male,Asia,Clothing,108.4,2025-04-23,C,2,0
1656,42,Male,Asia,Electronics,82.28,2025-07-09,A,2,0
1657,29,Female,Europe,Home,20.01,2024-12-25,A,4,0
1658,35,Female,Asia,Clothing,69.98,2025-05-29,C,2,0
1659,55,Other,Africa,Toys,111.97,2025-02-26,A,4,0
1660,31,Male,Americas,Clothing,35.43,2025-04-01,A,3,0
1661,31,Male,Americas,Home,73.04,2025-04-22,C,5,0
1662,39,Male,Asia,Electronics,104.71,2025-05-18,C,4,0
1663,41,Female,Americas,Home,80.08,2025-01-07,A,3,0
1664,45,Female,Africa,Electronics,23.88,2025-06-11,C,5,0
1665,54,Male,Europe,Clothing,52.86,2025-03-30,A,5,1
1666,58,Female,Americas,Clothing,57.87,2024-12-12,B,4,0
1667,61,Female,Africa,Toys,84.2,2025-07-08,A,3,2
1668,57,Other,Americas,Electronics,47.8,2024-12-06,A,2,0
1669,26,Female,Europe,Electronics,52.55,2025-04-01,C,1,0
1670,21,Female,Africa,Toys,81.7,2025-10-13,A,4,0
1671,23,Female,Asia,Electronics,67.05,2025-11-11,A,2,0
1672,21,Male,Asia,Clothing,68.38,2025-07-12,B,5,0
1673,59,Female,Asia,Electronics,15.23,2025-11-27,C,2,0
1674,47,Female,Europe,Clothing,118.91,2025-07-15,A,4,0
1675,57,Female,Americas,Toys,111.67,2025-08-10,C,5,0
1676,58,Male,Europe,Home,55.57,2025-10-31,B,1,0
1677,43,Female,Europe,Toys,76.98,2025-07-13,A,2,0
1678,43,Male,Asia,Clothing,162.21,2025-08-13,A,2,0
1679,47,Male,Americas,Electronics,114.66,2025-02-05,C,1,0
1680,67,Female,Asia,Electronics,69.0,2025-03-21,A,1,1
1681,31,Female,Asia,Toys,101.42,2025-01-26,B,3,1
1682,22,Female,Africa,Clothing,67.2,2025-07-03,C,5,0
1683,51,Female,Europe,Electronics,21.65,2025-06-07,C,3,0
1684,41,Male,Africa,Electronics,152.29,2025-02-20,A,2,0
1685,28,Female,Europe,Home,96.5,2025-11-10,C,5,0
1686,47,Female,Americas,Clothing,105.77,2025-03-12,B,3,0
1687,28,Female,Africa,Home,196.29,2024-12-02,B,1,1
1688,36,Female,Europe,Electronics,115.05,2025-05-11,C,5,0
1689,60,Male,Asia,Home,97.68,2025-04-25,B,4,0
1690,68,Female,Europe,Clothing,54.62,2025-06-25,B,2,1
1691,64,Male,Africa,Electronics,42.07,2025-04-10,A,4,0
1692,22,Male,Europe,Electronics,54.15,2025-06-03,B,5,0
1693,51,Male,Americas,Toys,68.06,2025-02-14,C,2,1
1694,44,Male,Americas,Electronics,141.06,2025-06-14,B,4,0
1695,27,Male,Americas,Toys,5.0,2025-07-01,C,1,0
1696,39,Male,Americas,Home,85.89,2024-12-14,B,2,0
1697,41,Other,Africa,Clothing,47.69,2025-03-05,A,2,0
1698,54,Other,Americas,Clothing,115.23,2025-07-22,B,4,0
1699,42,Male,Europe,Home,54.51,2025-04-30,B,4,1
1700,63,Male,Asia,Home,46.92,2025-02-10,C,2,0
1701,32,Male,Americas,Electronics,131.54,2024-12-01,B,5,1
1702,29,Male,Asia,Electronics,85.04,2025-05-01,A,1,0
1703,29,Male,Europe,Clothing,44.02,2025-07-28,B,1,0
1704,36,Other,Africa,Home,34.28,2025-05-27,C,4,0
1705,22,Female,Asia,Clothing,75.64,2025-11-12,B,4,0
1706,53,Male,Americas,Clothing,51.95,2025-04-30,C,2,0
1707,68,Female,Europe,Clothing,76.62,2025-06-30,B,3,0
1708,62,Male,Asia,Electronics,157.29,2025-02-19,A,2,0
1709,62,Male,Americas,Toys,70.4,2025-03-24,B,5,2
1710,38,Male,Asia,Toys,90.71,2025-02-03,A,4,0
1711,53,Female,Asia,Electronics,87.64,2025-04-18,A,4,0
1712,44,Female,Asia,Toys,131.78,2025-11-30,A,4,1
1713,19,Female,Americas,Home,20.79,2025-08-14,A,2,0
1714,58,Female,Asia,Home,126.15,2025-09-05,A,4,0
1715,33,Other,Americas,Toys,100.28,2025-05-17,C,5,0
1716,21,Male,Europe,Home,96.75,2025-06-11,B,1,1
1717,68,Male,Americas,Toys,108.99,2025-09-28,B,4,0
1718,55,Female,Asia,Electronics,74.69,2025-08-07,B,2,0
1719,48,Male,Americas,Home,112.77,2024-12-06,B,4,0
1720,41,Female,Asia,Electronics,5.0,2025-07-22,C,5,0
1721,55,Female,Americas,Clothing,79.51,2025-01-05,A,5,0
1722,69,Male,Asia,Electronics,157.72,2025-01-08,B,3,2
1723,32,Female,Europe,Electronics,16.52,2024-12-21,B,2,1
1724,26,Female,Asia,Toys,60.86,2025-11-11,B,3,0
1725,40,Female,Europe,Home,61.39,2024-12-29,A,2,0
1726,50,Male,Asia,Electronics,107.42,2025-05-07,A,3,0
1727,66,Male,Africa,Home,45.13,2025-05-26,B,1,1
1728,43,Male,Asia,Home,91.48,2025-04-24,C,1,0
1729,24,Female,Asia,Home,73.28,2025-11-22,C,1,0
1730,38,Male,Africa,Toys,36.23,2025-04-12,A,2,0
1731,37,Male,Africa,Electronics,61.53,2025-02-04,A,1,0
1732,44,Female,Americas,Clothing,39.81,2025-02-26,C,5,0
1733,25,Female,Europe,Toys,87.3,2025-06-25,A,1,0
1734,40,Male,Asia,Home,30.29,2025-09-03,A,4,1
1735,62,Male,Asia,Home,42.1,2025-09-13,C,5,1
1736,41,Male,Asia,Toys,147.95,2025-01-05,B,3,1
1737,31,Male,Asia,Toys,62.52,2025-03-20,C,4,0
1738,38,Male,Americas,Home,142.48,2025-01-24,B,4,0
1739,26,Other,Asia,Electronics,62.06,2024-12-04,A,2,0
1740,34,Male,Africa,Home,139.27,2025-01-31,B,1,0
1741,66,Other,Americas,Toys,54.77,2024-12-28,B,1,0
1742,26,Male,Africa,Home,68.18,2025-09-07,C,1,1
1743,64,Male,Africa,Toys,121.43,2025-04-06,B,1,0
1744,20,Female,Asia,Clothing,5.0,2025-05-12,C,5,0
1745,49,Other,Asia,Toys,46.06,2025-09-14,A,1,0
1746,18,Male,Asia,Clothing,62.42,2025-11-11,A,3,0
1747,42,Female,Americas,Home,115.97,2025-06-10,B,2,0
1748,22,Female,Europe,Electronics,114.57,2025-06-06,B,3,1
1749,52,Female,Europe,Home,116.31,2025-09-26,C,5,0
1750,20,Female,Asia,Clothing,60.0,2025-04-12,A,5,1
1751,39,Female,Americas,Clothing,59.37,2025-05-09,A,2,0
1752,60,Male,Asia,Clothing,136.71,2025-08-09,A,5,0
1753,59,Female,Africa,Clothing,90.57,2025-01-01,B,3,0
1754,62,Female,Europe,Electronics,17.78,2025-05-18,A,4,1
1755,68,Male,Europe,Toys,19.03,2025-08-14,C,2,0
1756,41,Female,Africa,Toys,64.68,2025-11-20,A,1,0
1757,31,Male,Americas,Toys,14.39,2025-07-29,A,2,1
1758,39,Female,Americas,Toys,62.79,2025-04-22,B,3,1
1759,49,Female,Americas,Home,174.9,2024-12-07,C,2,0
1760,52,Other,Asia,Toys,32.46,2025-10-23,A,5,1
1761,26,Male,Americas,Electronics,37.15,2025-05-31,C,1,1
1762,52,Female,Europe,Electronics,116.92,2025-09-15,A,5,1
1763,31,Male,Americas,Electronics,57.58,2025-11-02,C,1,0
1764,38,Male,Asia,Toys,92.76,2025-09-27,A,5,0
1765,43,Male,Asia,Electronics,123.82,2025-02-08,A,3,0
1766,56,Other,Asia,Home,62.08,2025-06-02,B,3,1
1767,19,Male,Asia,Toys,133.73,2025-02-10,B,3,1
1768,23,Female,Asia,Electronics,49.08,2025-03-12,C,4,0
1769,51,Male,Americas,Clothing,78.8,2024-12-12,C,3,0
1770,26,Female,Europe,Clothing,151.53,2025-11-03,C,5,0
1771,51,Female,Africa,Clothing,81.19,2025-07-24,B,5,0
1772,46,Male,Europe,Toys,59.09,2025-11-29,A,4,2
1773,64,Male,Americas,Clothing,39.77,2025-05-17,C,3,0
1774,39,Female,Americas,Clothing,116.72,2025-09-07,C,3,1
1775,42,Female,Africa,Toys,23.32,2025-10-30,A,2,1
1776,41,Female,Africa,Toys,76.01,2025-02-17,A,3,0
1777,26,Female,Europe,Home,76.3,2025-02-03,C,1,1
1778,65,Male,Africa,Toys,45.77,2025-10-08,C,4,1
1779,54,Male,Asia,Home,58.65,2025-06-10,B,3,0
1780,34,Male,Europe,Clothing,5.0,2025-08-26,B,4,1
1781,22,Male,Africa,Clothing,32.32,2025-11-24,B,3,0
1782,23,Other,Asia,Electronics,86.56,2025-09-03,C,2,0
1783,64,Female,Africa,Home,76.17,2025-10-28,C,3,0
1784,30,Male,Europe,Clothing,113.93,2025-06-04,C,3,0
1785,52,Female,Europe,Home,21.83,2025-02-21,A,1,2
1786,67,Male,Americas,Clothing,169.06,2025-10-12,C,3,0
1787,57,Female,Asia,Toys,39.97,2025-07-20,B,2,0
1788,29,Female,Africa,Electronics,76.69,2025-09-16,A,4,0
1789,36,Female,Europe,Electronics,93.86,2024-12-05,A,2,0
1790,28,Male,Europe,Toys,56.02,2024-12-27,A,4,1
1791,62,Male,Europe,Toys,86.0,2025-07-06,C,1,0
1792,27,Female,Africa,Clothing,41.52,2025-01-13,C,1,1
1793,40,Female,Americas,Clothing,102.95,2024-12-02,A,4,1
1794,47,Female,Africa,Home,26.68,2025-04-18,C,2,1
1795,33,Male,Africa,Clothing,84.34,2025-05-02,A,3,0
1796,56,Female,Americas,Clothing,65.74,2025-07-18,C,5,0
1797,60,Male,Europe,Clothing,105.43,2024-12-13,B,5,0
1798,54,Female,Africa,Clothing,84.51,2025-10-21,C,2,0
1799,42,Male,Europe,Clothing,86.92,2025-01-16,B,2,0
1800,48,Female,Europe,Clothing,102.31,2025-03-28,C,1,0
1801,58,Female,Africa,Clothing,66.61,2025-02-02,B,2,0
1802,38,Other,Americas,Electronics,36.3,2025-05-23,A,2,0
1803,50,Female,Asia,Electronics,57.44,2025-02-05,A,2,0
1804,62,Male,Asia,Home,31.83,2025-07-07,C,3,0
1805,33,Male,Africa,Electronics,48.39,2025-06-03,B,5,0
1806,54,Male,Asia,Home,67.19,2025-03-09,C,1,1
1807,41,Male,Europe,Electronics,110.87,2025-03-21,C,3,1
1808,44,Female,Asia,Toys,50.11,2025-06-04,C,5,0
1809,52,Male,Africa,Toys,5.0,2025-01-04,B,2,0
1810,56,Male,Americas,Toys,25.09,2025-09-22,B,5,0
1811,23,Female,Americas,Electronics,57.53,2025-05-28,C,4,0
1812,66,Female,Africa,Electronics,234.67,2025-07-28,C,2,1
1813,63,Male,Asia,Home,30.28,2025-01-15,B,5,1
1814,34,Female,Europe,Home,72.82,2025-06-26,A,5,0
1815,38,Female,Americas,Toys,84.46,2025-06-02,C,1,0
1816,45,Female,Africa,Toys,114.58,2025-11-13,A,1,1
1817,19,Female,Africa,Home,44.59,2024-12-01,A,4,0
1818,34,Other,Asia,Electronics,64.33,2024-12-21,B,5,0
1819,46,Female,Europe,Clothing,89.49,2025-10-18,A,3,0
1820,49,Male,Africa,Clothing,75.44,2025-03-05,C,2,0
1821,49,Female,Africa,Electronics,58.97,2025-05-21,A,4,1
1822,68,Female,Europe,Electronics,145.12,2025-06-16,C,2,0
1823,47,Female,Asia,Toys,66.26,2025-07-27,C,3,1
1824,53,Female,Africa,Toys,132.75,2025-06-13,A,2,0
1825,34,Other,Africa,Home,78.63,2025-07-24,C,2,0
1826,50,Female,Asia,Toys,111.13,2025-10-01,C,1,0
1827,62,Male,Asia,Clothing,123.58,2025-06-24,B,2,0
1828,67,Male,Europe,Toys,41.96,2025-10-16,A,4,0
1829,45,Male,Asia,Electronics,19.94,2025-07-25,B,3,0
1830,54,Female,Americas,Clothing,140.81,2024-12-16,C,4,1
1831,32,Other,Americas,Electronics,30.69,2025-06-04,B,2,0
1832,59,Male,Europe,Clothing,103.24,2025-09-01,C,1,0
1833,40,Female,Asia,Toys,109.74,2025-02-17,A,5,0
1834,67,Male,Europe,Home,95.58,2025-03-16,A,5,0
1835,30,Female,Americas,Clothing,13.18,2025-07-21,C,5,0
1836,58,Male,Europe,Electronics,5.71,2025-07-27,A,3,0
1837,68,Female,Americas,Clothing,103.7,2025-10-24,C,1,0
1838,61,Male,Asia,Toys,78.52,2025-08-09,B,1,0
1839,67,Female,Europe,Toys,45.07,2025-03-22,A,5,0
1840,23,Other,Americas,Clothing,110.4,2025-07-12,A,2,0
1841,26,Male,Africa,Clothing,34.26,2025-02-27,A,4,0
1842,45,Female,Africa,Toys,100.37,2025-03-22,A,4,1
1843,50,Female,Asia,Electronics,65.87,2025-05-01,A,1,0
1844,58,Male,Africa,Clothing,105.11,2025-11-22,B,3,0
1845,27,Male,Americas,Home,12.56,2025-08-17,C,4,0
1846,63,Female,Europe,Clothing,29.58,2025-08-08,C,3,0
1847,18,Male,Asia,Clothing,107.59,2025-06-02,B,3,0
1848,38,Male,Americas,Home,82.71,2025-01-19,C,3,0
1849,30,Female,Asia,Electronics,79.29,2024-12-31,C,4,0
1850,51,Other,Asia,Clothing,74.17,2025-09-27,A,2,0
1851,60,Female,Americas,Toys,5.0,2025-09-27,A,1,0
1852,64,Male,Africa,Home,5.0,2025-05-24,C,3,1
1853,59,Male,Asia,Toys,51.43,2025-02-25,A,1,0
1854,27,Male,Asia,Clothing,75.69,2025-09-26,B,2,0
1855,30,Other,Americas,Clothing,71.95,2025-11-01,B,3,0
1856,41,Female,Europe,Clothing,40.01,2025-10-21,A,4,0
1857,48,Male,Asia,Toys,129.53,2025-01-02,C,3,0
1858,54,Male,Americas,Home,121.18,2025-02-16,C,2,0
1859,50,Female,Asia,Home,60.25,2025-07-06,B,2,0
1860,48,Male,Asia,Clothing,110.04,2025-02-17,A,1,0
1861,25,Male,Europe,Electronics,140.56,2025-09-28,A,3,0
1862,53,Female,Europe,Clothing,19.46,2025-08-21,A,3,0
1863,43,Male,Europe,Home,162.11,2024-12-20,C,3,1
1864,35,Female,Africa,Toys,72.36,2025-07-20,A,2,2
1865,57,Male,Americas,Toys,61.83,2024-12-22,A,1,0
1866,26,Other,Americas,Electronics,153.59,2025-04-28,A,5,0
1867,19,Female,Europe,Toys,111.26,2025-04-06,B,5,1
1868,33,Female,Americas,Home,86.98,2025-06-18,A,1,0
1869,42,Female,Americas,Toys,86.4,2025-05-11,B,5,1
1870,25,Male,Africa,Clothing,18.37,2025-04-08,B,1,1
1871,63,Male,Americas,Clothing,73.1,2025-10-09,A,4,1
1872,37,Male,Europe,Clothing,27.83,2024-12-16,B,3,0
1873,46,Other,Americas,Toys,84.58,2025-03-26,A,4,1
1874,20,Male,Americas,Home,99.09,2025-03-12,A,5,0
1875,27,Other,Asia,Clothing,85.49,2024-12-15,C,1,0
1876,21,Male,Asia,Electronics,52.52,2025-09-17,A,3,0
1877,22,Male,Africa,Electronics,146.33,2025-02-01,C,4,0
1878,19,Female,Americas,Toys,90.87,2025-01-05,C,3,1
1879,67,Male,Africa,Toys,76.6,2025-04-08,B,5,1
1880,21,Female,Asia,Electronics,37.44,2024-12-04,C,2,1
1881,68,Female,Europe,Clothing,79.47,2025-09-04,B,4,0
1882,44,Male,Asia,Clothing,61.39,2025-06-01,C,4,0
1883,57,Female,Asia,Toys,79.88,2025-05-02,A,3,1
1884,23,Female,Asia,Home,59.45,2025-03-02,B,1,0
1885,26,Male,Americas,Toys,26.99,2025-08-15,C,2,0
1886,48,Female,Americas,Electronics,109.1,2025-01-31,A,3,1
1887,34,Male,Africa,Home,129.16,2025-11-28,C,1,1
1888,27,Female,Americas,Toys,15.27,2025-06-27,A,2,0
1889,18,Female,Asia,Clothing,128.74,2025-07-10,C,4,1
1890,53,Other,Europe,Toys,65.27,2024-12-29,A,4,0
1891,67,Female,Africa,Clothing,39.0,2025-11-21,B,2,0
1892,19,Female,Africa,Toys,90.34,2025-03-19,B,4,0
1893,38,Female,Asia,Clothing,109.44,2025-09-22,C,4,0
1894,45,Male,Asia,Clothing,5.0,2024-12-17,C,4,1
1895,59,Female,Europe,Electronics,93.41,2025-07-27,B,4,0
1896,45,Female,Asia,Electronics,25.63,2025-01-24,B,4,0
1897,61,Male,Americas,Home,31.72,2025-03-06,C,1,0
1898,27,Male,Americas,Toys,89.72,2025-10-30,A,4,0
1899,67,Female,Americas,Home,23.8,2025-07-28,A,5,0
1900,51,Female,Asia,Home,107.2,2025-10-15,C,2,1
1901,38,Female,Asia,Toys,104.27,2025-05-02,B,2,0
1902,23,Other,Africa,Clothing,122.37,2024-12-07,B,2,0
1903,24,Female,Europe,Home,37.6,2025-09-02,A,2,0
1904,53,Other,Americas,Home,15.47,2025-03-13,A,2,0
1905,44,Male,Europe,Clothing,5.0,2025-04-12,A,3,0
1906,60,Female,Asia,Electronics,92.53,2025-03-25,B,2,0
1907,59,Male,Asia,Electronics,22.8,2025-03-18,C,1,0
1908,20,Female,Africa,Toys,33.94,2025-08-17,C,3,0
1909,66,Male,Europe,Toys,129.13,2025-05-18,A,5,0
1910,35,Female,Europe,Home,72.46,2025-10-15,A,4,0
1911,23,Female,Africa,Toys,75.24,2025-01-26,B,2,0
1912,45,Female,Asia,Home,63.59,2025-02-01,A,5,0
1913,23,Female,Asia,Clothing,37.5,2025-04-15,C,2,0
1914,48,Female,Asia,Toys,36.78,2025-03-20,C,3,0
1915,62,Male,Europe,Electronics,40.29,2025-10-18,A,1,1
1916,34,Female,Europe,Electronics,15.94,2025-02-08,B,2,0
1917,43,Male,Europe,Home,16.89,2025-03-28,A,5,0
1918,49,Male,Africa,Home,11.86,2025-10-07,B,3,1
1919,69,Male,Americas,Home,80.12,2025-03-17,A,1,2
1920,32,Female,Americas,Electronics,86.99,2025-08-01,C,2,1
1921,25,Male,Africa,Home,46.45,2024-12-10,C,2,0
1922,51,Male,Africa,Toys,103.18,2025-04-17,A,5,0
1923,51,Male,Asia,Clothing,65.14,2025-05-14,B,5,1
1924,69,Other,Europe,Clothing,46.0,2025-06-23,C,3,0
1925,27,Female,Africa,Clothing,42.81,2025-01-13,A,1,0
1926,25,Other,Africa,Toys,97.4,2025-09-01,A,3,2
1927,68,Female,Americas,Toys,5.0,2025-11-06,A,5,0
1928,41,Female,Asia,Home,116.35,2025-02-06,C,2,0
1929,22,Female,Asia,Home,60.2,2025-05-18,C,2,1
1930,57,Other,Europe,Toys,5.0,2025-03-05,A,2,0
1931,48,Female,Europe,Home,106.3,2025-04-09,A,1,1
1932,47,Female,Americas,Electronics,127.87,2025-07-29,A,2,0
1933,36,Female,Africa,Electronics,170.88,2025-07-22,A,3,0
1934,33,Female,Africa,Electronics,5.0,2025-03-08,B,3,1
1935,33,Male,Africa,Home,151.4,2025-02-06,A,4,0
1936,48,Male,Americas,Electronics,69.44,2024-12-10,A,3,0
1937,67,Female,Europe,Electronics,114.22,2024-12-02,B,1,0
1938,56,Other,Asia,Clothing,111.41,2025-11-27,A,4,0
1939,64,Male,Americas,Toys,107.02,2025-11-19,A,2,0
1940,50,Male,Asia,Home,91.98,2025-06-30,A,1,0
1941,30,Other,Asia,Toys,82.88,2025-08-01,C,3,0
1942,69,Male,Africa,Clothing,73.89,2025-04-22,B,5,0
1943,39,Male,Americas,Home,36.87,2025-03-28,B,2,1
1944,61,Male,Europe,Clothing,156.36,2025-09-08,A,5,0
1945,37,Female,Africa,Home,150.71,2024-12-26,A,5,0
1946,49,Female,Europe,Home,107.86,2025-08-01,C,4,1
1947,61,Male,Americas,Clothing,78.75,2025-10-22,B,5,0
1948,64,Male,Europe,Home,104.75,2025-09-16,C,3,0
1949,27,Male,Americas,Toys,132.58,2024-12-25,C,4,0
1950,34,Other,Americas,Electronics,60.83,2025-11-15,A,3,1
1951,23,Male,Americas,Clothing,110.01,2025-04-19,A,4,0
1952,41,Female,Europe,Electronics,119.39,2025-03-30,A,3,0
1953,35,Female,Europe,Clothing,38.49,2025-07-17,C,1,0
1954,40,Female,Africa,Home,55.77,2025-10-07,A,1,0
1955,38,Female,Americas,Clothing,49.15,2025-01-20,C,2,0
1956,34,Female,Africa,Toys,103.91,2025-04-16,C,2,0
1957,54,Male,Africa,Electronics,92.03,2025-02-22,C,2,0
1958,34,Female,Africa,Home,80.16,2025-11-02,A,1,0
1959,24,Male,Americas,Electronics,121.34,2025-09-25,B,2,0
1960,21,Male,Asia,Home,20.01,2025-08-10,A,3,0
1961,37,Other,Asia,Electronics,78.11,2025-04-03,B,3,1
1962,28,Female,Africa,Electronics,177.07,2025-08-05,C,5,0
1963,31,Male,Europe,Clothing,33.91,2025-04-28,B,3,0
1964,32,Female,Europe,Electronics,101.21,2025-10-29,B,3,0
1965,53,Male,Asia,Clothing,105.5,2025-09-12,A,3,0
1966,44,Male,Americas,Electronics,127.33,2025-06-08,B,1,1
1967,22,Female,Asia,Electronics,42.37,2025-02-24,C,3,0
1968,50,Female,Asia,Clothing,95.97,2025-09-05,A,2,0
1969,32,Male,Americas,Toys,57.82,2024-12-14,A,2,0
1970,27,Female,Europe,Electronics,93.27,2025-06-25,A,2,0
1971,64,Male,Asia,Toys,126.92,2025-02-01,B,4,0
1972,18,Male,Europe,Electronics,98.08,2025-06-18,B,2,1
1973,37,Female,Asia,Toys,42.35,2025-10-17,A,4,0
1974,65,Female,Africa,Clothing,43.78,2025-02-08,C,4,1
1975,67,Male,Europe,Home,40.55,2025-05-25,B,4,0
1976,43,Male,Africa,Home,8.42,2025-04-20,A,1,1
1977,42,Other,Asia,Home,100.66,2025-03-08,B,1,0
1978,36,Male,Africa,Home,99.66,2025-02-05,C,2,1
1979,23,Female,Asia,Toys,17.37,2025-11-03,B,1,1
1980,64,Female,Asia,Home,75.64,2025-03-16,A,2,0
1981,66,Male,Americas,Home,38.23,2025-08-02,B,3,0
1982,68,Other,Americas,Home,5.0,2025-10-26,C,4,0
1983,53,Female,Europe,Home,83.02,2025-11-18,B,1,0
1984,53,Female,Europe,Clothing,99.78,2024-12-21,C,5,0
1985,51,Male,Africa,Toys,113.49,2025-04-10,A,5,0
1986,28,Male,Asia,Home,48.63,2024-12-19,A,4,2
1987,49,Female,Europe,Clothing,79.72,2025-03-28,B,1,1
1988,29,Female,Africa,Clothing,56.18,2025-06-09,B,2,0
1989,55,Male,Asia,Electronics,88.34,2025-04-25,B,5,0
1990,25,Female,Africa,Toys,58.79,2024-12-07,B,1,0
1991,40,Male,Asia,Electronics,7.94,2025-03-24,C,2,0
1992,40,Female,Americas,Electronics,103.77,2025-09-25,B,3,0
1993,36,Female,Europe,Clothing,26.78,2025-01-23,A,5,1
1994,28,Female,Africa,Clothing,103.89,2025-01-21,B,4,1
1995,41,Male,Africa,Clothing,39.99,2025-03-09,A,1,0
1996,32,Male,Americas,Clothing,102.34,2025-05-12,B,4,0
1997,68,Male,Africa,Electronics,58.54,2025-06-20,A,4,1
1998,61,Male,Americas,Home,46.25,2025-08-22,C,3,0
1999,63,Female,Africa,Home,115.05,2025-06-21,C,2,0
2000,57,Male,Africa,Electronics,47.3,2024-12-20,C,4,1
2001,24,Male,Europe,Toys,78.22,2025-04-16,B,3,0
2002,63,Other,Africa,Toys,60.44,2024-12-19,B,5,0
2003,27,Female,Asia,Electronics,15.06,2025-11-02,A,5,2
2004,67,Female,Africa,Electronics,53.56,2025-09-13,A,4,1
2005,69,Female,Europe,Clothing,82.35,2025-10-11,C,2,0
2006,48,Other,Europe,Home,78.18,2025-10-17,A,1,1
2007,43,Male,Americas,Clothing,93.7,2025-06-27,A,1,0
2008,20,Male,Europe,Toys,40.42,2025-01-03,A,2,0
2009,49,Male,Africa,Toys,49.37,2025-06-13,A,2,0
2010,42,Female,Africa,Toys,100.48,2025-05-19,C,1,0
2011,65,Female,Europe,Home,79.47,2025-07-06,B,5,0
2012,55,Other,Europe,Electronics,117.67,2025-05-23,B,5,0
2013,33,Female,Europe,Toys,110.41,2025-09-21,B,3,0
2014,59,Female,Asia,Clothing,68.19,2025-08-18,B,1,1
2015,22,Female,Asia,Electronics,55.87,2025-07-04,B,2,0
2016,55,Female,Americas,Toys,47.8,2024-12-05,A,5,0
2017,39,Female,Europe,Electronics,90.06,2025-03-02,A,1,0
2018,54,Female,Europe,Clothing,43.89,2025-07-14,C,5,0
2019,35,Female,Americas,Electronics,102.72,2025-07-23,B,2,0
2020,61,Male,Asia,Home,41.58,2025-11-17,A,1,0
2021,21,Male,Africa,Home,64.26,2025-03-26,A,5,0
2022,36,Other,Asia,Home,59.88,2025-10-21,C,4,0
2023,46,Male,Americas,Home,62.24,2025-09-10,A,1,0
2024,51,Male,Americas,Electronics,16.49,2025-09-14,B,2,0
2025,45,Female,Africa,Electronics,38.66,2025-03-11,B,3,0
2026,33,Male,Asia,Electronics,88.01,2025-10-10,C,1,0
2027,33,Male,Asia,Clothing,73.53,2025-11-05,A,4,0
2028,40,Male,Asia,Electronics,138.94,2025-03-22,A,5,0
2029,32,Male,Africa,Toys,35.58,2025-04-18,B,1,0
2030,22,Male,Europe,Electronics,59.33,2025-04-03,B,3,0
2031,66,Male,Europe,Toys,96.85,2025-02-22,C,1,0
2032,23,Female,Americas,Clothing,127.73,2025-03-28,B,5,0
2033,26,Other,Americas,Clothing,150.24,2025-10-17,A,4,1
2034,39,Other,Europe,Home,149.75,2025-09-14,C,3,0
2035,44,Male,Americas,Clothing,51.24,2024-12-02,C,2,0
2036,59,Female,Asia,Toys,58.11,2025-09-26,C,3,0
2037,64,Female,Africa,Electronics,69.77,2025-04-26,A,1,1
2038,40,Female,Europe,Home,128.46,2025-10-15,A,1,0
2039,39,Male,Europe,Home,95.43,2025-10-18,A,5,0
2040,46,Female,Africa,Clothing,65.54,2025-10-18,B,3,1
2041,25,Female,Americas,Toys,58.1,2025-01-12,B,1,0
2042,23,Female,Europe,Toys,55.18,2025-06-28,B,1,0
2043,47,Male,Asia,Home,13.96,2024-12-05,C,4,0
2044,62,Female,Europe,Electronics,34.04,2025-10-06,B,5,0
2045,57,Female,Americas,Electronics,39.58,2025-11-10,A,1,1
2046,40,Female,Europe,Clothing,118.31,2025-02-09,A,3,0
2047,48,Female,Americas,Clothing,55.9,2025-07-21,A,2,0
2048,63,Female,Americas,Clothing,78.15,2024-12-31,C,4,0
2049,35,Female,Africa,Home,131.17,2025-08-20,B,3,0
2050,54,Male,Asia,Electronics,106.63,2025-07-02,C,2,0
2051,23,Female,Europe,Electronics,104.31,2025-11-08,A,3,0
2052,52,Female,Americas,Toys,105.58,2025-10-26,C,5,0
2053,48,Male,Europe,Home,121.79,2025-04-11,A,2,0
2054,65,Male,Africa,Electronics,74.62,2024-12-06,C,2,0
2055,53,Male,Africa,Home,36.48,2025-02-24,B,5,0
2056,60,Female,Americas,Toys,104.81,2025-08-22,A,1,0
2057,46,Male,Americas,Home,70.64,2025-01-04,A,5,0
2058,60,Male,Europe,Electronics,39.14,2025-05-25,C,1,1
2059,40,Male,Europe,Home,101.44,2025-01-21,B,2,0
2060,35,Male,Europe,Toys,79.69,2025-07-09,B,3,0
2061,46,Other,Asia,Clothing,80.61,2025-06-02,C,4,0
2062,54,Male,Asia,Electronics,6.65,2025-09-23,B,5,0
2063,40,Female,Asia,Toys,27.76,2025-09-22,C,3,0
2064,30,Male,Africa,Toys,28.71,2025-07-24,C,1,0
2065,68,Male,Asia,Clothing,49.31,2025-06-12,B,3,0
2066,47,Female,Africa,Clothing,44.92,2025-03-02,C,3,0
2067,19,Male,Asia,Electronics,51.7,2025-09-09,B,4,0
2068,19,Female,Asia,Clothing,5.0,2025-02-03,B,1,0
2069,26,Female,Africa,Clothing,29.55,2025-06-21,C,1,0
2070,57,Male,Africa,Home,73.89,2025-06-11,C,4,0
2071,51,Female,Europe,Toys,131.6,2025-09-22,A,5,1
2072,67,Male,Europe,Toys,68.41,2025-02-16,C,3,0
2073,32,Male,Africa,Home,105.26,2025-01-27,A,3,0
2074,41,Male,Americas,Clothing,5.0,2025-06-24,A,3,0
2075,59,Male,Asia,Toys,31.65,2025-09-18,B,3,0
2076,29,Female,Europe,Clothing,139.64,2025-05-06,C,3,0
2077,56,Female,Africa,Toys,25.2,2025-11-21,C,1,0
2078,66,Female,Europe,Electronics,33.13,2025-02-21,A,3,0
2079,43,Female,Asia,Home,47.75,2024-12-30,A,5,0
2080,56,Male,Africa,Home,120.26,2025-02-01,B,4,0
2081,40,Female,Europe,Electronics,6.89,2025-08-06,A,4,1
2082,47,Female,Americas,Electronics,49.62,2025-10-18,A,3,1
2083,67,Other,Americas,Clothing,79.69,2025-07-05,A,4,0
2084,33,Male,Asia,Toys,47.66,2024-12-03,B,1,1
2085,61,Male,Americas,Electronics,81.17,2025-02-25,A,1,0
2086,67,Male,Europe,Home,82.21,2025-04-17,B,5,0
2087,64,Female,Europe,Clothing,62.95,2025-03-09,C,3,1
2088,21,Female,Americas,Toys,118.59,2025-04-14,C,1,0
2089,55,Female,Africa,Clothing,45.14,2025-06-25,A,3,0
2090,58,Female,Africa,Toys,14.74,2025-04-17,B,4,0
2091,20,Female,Asia,Electronics,77.58,2024-11-30,C,3,0
2092,30,Female,Americas,Electronics,154.0,2025-08-20,A,5,0
2093,55,Male,Africa,Toys,86.42,2025-06-09,B,5,0
2094,22,Female,Europe,Home,131.3,2025-03-09,B,1,2
2095,43,Female,Africa,Clothing,14.68,2025-04-04,A,4,0
2096,33,Other,Americas,Toys,121.41,2025-04-22,A,4,0
2097,50,Female,Europe,Clothing,119.29,2025-06-30,B,1,0
2098,31,Male,Americas,Home,40.54,2025-08-01,B,1,0
2099,37,Female,Asia,Home,46.25,2025-03-07,C,4,0
2100,57,Male,Europe,Toys,103.36,2025-01-06,C,2,0
2101,54,Male,Americas,Toys,32.52,2025-04-23,A,4,0
2102,63,Male,Europe,Clothing,121.34,2025-03-28,B,5,1
2103,27,Male,Americas,Toys,114.46,2025-08-14,C,1,1
2104,49,Male,Americas,Toys,81.55,2025-02-07,A,4,1
2105,28,Female,Europe,Electronics,63.54,2025-07-29,A,4,0
2106,38,Female,Europe,Home,99.98,2025-02-03,A,1,0
2107,68,Male,Africa,Home,5.0,2025-05-20,B,1,0
2108,31,Other,Europe,Home,122.08,2025-11-16,B,4,0
2109,31,Female,Asia,Electronics,52.81,2025-04-09,B,1,1
2110,40,Female,Americas,Toys,131.3,2025-10-13,A,5,0
2111,46,Male,Europe,Home,94.33,2025-07-22,C,1,0
2112,20,Other,Africa,Toys,58.63,2025-07-25,A,4,0
2113,56,Male,Europe,Home,40.12,2025-08-11,B,4,0
2114,56,Male,Asia,Home,93.6,2025-07-10,C,4,0
2115,65,Other,Americas,Home,107.21,2025-08-08,C,3,0
2116,67,Male,Europe,Clothing,67.46,2025-08-11,C,2,0
2117,49,Male,Africa,Clothing,58.22,2025-05-22,B,2,0
2118,68,Female,Africa,Electronics,110.28,2025-10-18,C,4,0
2119,67,Male,Africa,Electronics,60.51,2025-03-02,C,1,0
2120,62,Male,Africa,Clothing,79.97,2025-08-28,A,2,0
2121,53,Other,Africa,Electronics,42.75,2025-03-21,A,3,0
2122,60,Male,Asia,Toys,85.47,2025-08-18,B,1,0
2123,62,Male,Asia,Clothing,108.35,2025-07-17,A,5,0
2124,31,Male,Asia,Toys,95.89,2025-06-15,C,3,0
2125,63,Female,Africa,Electronics,82.17,2024-12-23,A,4,0
2126,41,Male,Americas,Electronics,5.0,2025-01-04,A,1,0
2127,53,Male,Americas,Toys,79.83,2025-10-24,A,3,1
2128,66,Male,Europe,Home,108.17,2024-12-29,C,5,0
2129,37,Male,Asia,Electronics,5.0,2025-07-18,B,4,1
2130,51,Male,Asia,Clothing,108.46,2025-08-22,B,5,0
2131,18,Male,Americas,Toys,140.43,2025-03-18,B,4,0
2132,29,Male,Asia,Home,100.42,2025-11-28,C,4,0
2133,41,Female,Asia,Home,71.71,2025-10-14,A,5,0
2134,53,Female,Asia,Clothing,55.22,2025-07-30,B,4,0
2135,66,Male,Asia,Electronics,133.95,2025-09-11,C,2,1
2136,32,Male,Asia,Clothing,73.81,2025-11-05,A,1,1
2137,44,Female,Americas,Electronics,38.96,2025-06-08,A,3,0
2138,36,Female,Asia,Home,62.36,2025-05-07,A,1,1
2139,27,Male,Americas,Clothing,74.19,2025-11-25,C,2,1
2140,25,Female,Europe,Electronics,82.29,2025-05-29,C,1,1
2141,63,Male,Europe,Electronics,53.45,2025-07-11,A,4,0
2142,23,Female,Asia,Toys,24.3,2025-03-26,B,1,0
2143,28,Male,Asia,Electronics,108.02,2025-04-16,A,3,2
2144,22,Female,Africa,Home,134.49,2025-09-13,B,4,0
2145,22,Male,Europe,Toys,140.69,2025-01-08,C,4,0
2146,37,Female,Asia,Home,52.56,2025-09-24,C,1,0
2147,47,Female,Asia,Electronics,5.0,2025-03-13,A,1,0
2148,25,Female,Africa,Home,97.47,2025-09-26,C,5,0
2149,20,Male,Europe,Clothing,44.99,2025-07-11,C,4,0
2150,26,Male,Americas,Electronics,118.35,2025-01-15,A,4,0
2151,30,Male,Europe,Clothing,93.27,2025-08-18,A,5,0
2152,60,Other,Asia,Home,39.62,2025-06-30,B,1,0
2153,19,Female,Asia,Toys,65.81,2025-11-03,C,2,0
2154,68,Female,Europe,Electronics,97.55,2025-01-29,C,2,0
2155,34,Female,Asia,Electronics,133.98,2025-05-20,C,2,0
2156,47,Female,Europe,Clothing,127.35,2025-09-23,A,2,0
2157,68,Male,Americas,Home,108.51,2025-06-13,C,1,0
2158,50,Male,Americas,Toys,29.01,2025-02-20,B,3,0
2159,36,Other,Africa,Electronics,51.14,2025-07-09,C,2,0
2160,38,Other,Americas,Electronics,87.27,2025-04-03,B,3,0
2161,60,Female,Asia,Home,75.5,2025-06-28,B,4,2
2162,26,Male,Americas,Clothing,44.28,2025-02-19,A,3,1
2163,21,Male,Europe,Toys,23.61,2025-04-07,A,4,0
2164,40,Female,Americas,Home,97.47,2025-08-14,C,1,0
2165,59,Female,Europe,Clothing,124.5,2025-10-27,A,1,0
2166,54,Male,Africa,Home,81.29,2025-03-14,C,1,0
2167,67,Other,Europe,Clothing,75.3,2025-05-13,B,1,0
2168,55,Female,Europe,Electronics,100.7,2025-03-15,C,4,1
2169,65,Female,Americas,Clothing,5.0,2024-12-29,A,1,0
2170,63,Female,Europe,Electronics,107.81,2025-08-27,A,1,0
2171,39,Female,Americas,Toys,21.3,2025-11-05,A,3,0
2172,18,Male,Europe,Toys,149.95,2025-02-04,B,3,0
2173,61,Male,Africa,Home,174.11,2025-02-24,B,1,0
2174,21,Female,Americas,Clothing,103.12,2024-12-30,C,1,0
2175,62,Male,Africa,Toys,36.68,2024-12-12,B,4,0
2176,49,Other,Africa,Toys,48.21,2025-08-27,C,2,0
2177,28,Male,Americas,Clothing,72.33,2025-10-12,A,2,0
2178,22,Female,Europe,Toys,31.75,2025-08-24,A,1,1
2179,67,Male,Africa,Clothing,77.43,2025-02-10,B,2,1
2180,32,Female,Europe,Home,48.65,2025-06-17,A,4,0
2181,19,Male,Africa,Clothing,72.4,2024-12-25,B,2,1
2182,26,Male,Africa,Home,141.97,2025-05-25,B,5,0
2183,20,Female,Americas,Toys,124.67,2025-01-20,C,4,0
2184,52,Female,Asia,Home,96.48,2025-08-17,C,4,0
2185,67,Male,Americas,Home,108.3,2025-11-19,C,5,0
2186,28,Female,Africa,Home,36.34,2025-01-01,C,5,0
2187,36,Female,Asia,Clothing,17.21,2025-10-28,C,5,0
2188,23,Male,Americas,Toys,94.36,2025-02-15,B,3,0
2189,19,Male,Asia,Clothing,19.11,2025-04-25,C,4,0
2190,63,Female,Asia,Home,108.54,2025-03-25,C,3,0
2191,39,Female,Africa,Electronics,100.32,2024-12-18,C,5,0
2192,69,Male,Americas,Electronics,38.65,2025-05-04,C,2,0
2193,51,Female,Asia,Electronics,17.48,2025-05-29,B,3,0
2194,18,Male,Asia,Clothing,17.99,2024-12-28,C,4,0
2195,30,Other,Americas,Home,138.0,2024-12-18,B,1,0
2196,32,Male,Americas,Clothing,66.96,2025-06-17,B,2,0
2197,41,Female,Americas,Home,55.15,2025-08-03,A,3,1
2198,43,Female,Africa,Electronics,5.0,2025-03-19,B,4,0
2199,59,Male,Europe,Clothing,60.61,2025-08-11,B,4,0
2200,21,Female,Africa,Clothing,53.9,2025-04-12,B,3,0
2201,38,Other,Asia,Electronics,98.09,2025-11-09,B,5,1
2202,68,Male,Europe,Clothing,79.37,2024-12-05,C,5,0
2203,35,Male,Europe,Electronics,103.73,2025-05-29,A,5,0
2204,66,Female,Europe,Home,63.13,2024-12-15,C,4,0
2205,43,Female,Americas,Home,107.39,2025-07-05,A,4,1
2206,32,Male,Europe,Electronics,85.21,2025-06-15,C,1,0
2207,29,Male,Europe,Toys,141.23,2024-12-19,C,2,0
2208,19,Female,Americas,Electronics,28.5,2025-02-17,A,5,0
2209,24,Male,Africa,Home,101.89,2025-06-04,B,5,1
2210,19,Male,Asia,Home,42.9,2025-07-14,B,1,0
2211,20,Male,Americas,Toys,71.54,2024-12-19,B,5,0
2212,68,Female,Americas,Electronics,82.16,2025-10-03,B,5,0
2213,69,Male,Americas,Home,118.88,2024-12-29,C,1,0
2214,61,Male,Americas,Clothing,99.22,2024-12-31,B,5,1
2215,45,Female,Asia,Home,73.92,2025-08-21,B,4,0
2216,37,Female,Europe,Home,89.34,2025-01-11,C,1,0
2217,63,Male,Europe,Home,73.83,2024-12-28,B,2,0
2218,55,Female,Asia,Clothing,23.09,2025-06-14,A,5,1
2219,39,Female,Europe,Electronics,5.0,2025-04-08,B,1,0
2220,20,Female,Americas,Toys,28.68,2025-06-10,C,2,0
2221,40,Male,Americas,Toys,76.54,2025-02-09,B,3,0
2222,37,Other,Africa,Toys,34.37,2025-02-25,B,2,0
2223,66,Female,Americas,Electronics,107.22,2025-01-22,A,2,0
2224,69,Female,Europe,Clothing,29.84,2025-01-03,C,3,0
2225,47,Male,Americas,Clothing,100.11,2025-08-02,C,2,0
2226,55,Female,Europe,Toys,55.49,2025-06-23,C,4,0
2227,35,Female,Europe,Toys,31.1,2025-03-16,C,3,0
2228,64,Male,Africa,Clothing,34.95,2025-09-19,A,4,0
2229,32,Female,Europe,Home,58.01,2025-02-13,B,4,0
2230,19,Female,Europe,Home,129.97,2025-04-06,B,5,0
2231,27,Female,Asia,Clothing,87.61,2025-01-24,C,4,0
2232,68,Female,Americas,Electronics,129.08,2025-07-30,A,5,0
2233,25,Male,Americas,Clothing,93.1,2025-07-15,C,3,0
2234,21,Male,Asia,Electronics,102.58,2025-01-26,C,2,0
2235,50,Female,Africa,Home,137.25,2024-12-27,C,3,0
2236,37,Female,Africa,Electronics,19.8,2025-09-27,C,1,0
2237,20,Male,Americas,Home,39.97,2025-06-16,B,5,0
2238,61,Female,Americas,Electronics,108.41,2025-11-01,A,2,0
2239,53,Male,Europe,Toys,126.27,2025-01-18,A,1,1
2240,40,Male,Africa,Home,146.42,2025-11-10,A,2,1
2241,52,Female,Americas,Toys,136.54,2025-04-18,A,2,0
2242,68,Male,Europe,Toys,97.82,2025-09-01,A,5,0
2243,18,Other,Europe,Home,135.11,2025-09-10,A,2,0
2244,29,Male,Americas,Clothing,5.0,2025-01-28,B,5,0
2245,40,Other,Americas,Toys,106.38,2025-06-15,C,3,0
2246,48,Other,Americas,Toys,91.45,2025-11-26,C,4,1
2247,35,Male,Asia,Clothing,82.03,2025-01-12,C,4,1
2248,40,Male,Asia,Home,132.22,2025-08-03,C,2,0
2249,35,Other,Asia,Clothing,5.0,2025-09-07,A,3,0
2250,42,Female,Americas,Clothing,28.98,2025-03-26,B,3,0
2251,31,Male,Africa,Clothing,5.0,2025-03-29,C,2,0
2252,42,Female,Europe,Toys,83.64,2025-01-18,B,5,1
2253,34,Male,Americas,Electronics,88.22,2025-06-24,A,4,0
2254,54,Female,Asia,Home,129.48,2025-04-14,A,4,0
2255,66,Female,Africa,Electronics,35.02,2025-01-03,C,2,0
2256,35,Male,Africa,Toys,119.72,2025-03-10,C,5,0
2257,32,Male,Europe,Toys,90.22,2025-04-20,A,3,0
2258,44,Male,Africa,Electronics,17.61,2025-11-17,C,5,0
2259,39,Female,Asia,Toys,54.09,2025-10-19,B,2,1
2260,21,Male,Europe,Electronics,46.19,2025-08-09,B,1,1
2261,30,Male,Europe,Toys,112.14,2025-04-26,B,5,0
2262,31,Male,Africa,Home,80.46,2025-08-31,C,5,0
2263,53,Female,Europe,Clothing,87.97,2025-09-18,B,5,1
2264,60,Female,Europe,Clothing,77.91,2025-08-29,C,4,0
2265,62,Male,Africa,Toys,100.95,2025-06-03,B,1,0
2266,25,Female,Europe,Electronics,148.26,2025-07-28,A,1,1
2267,40,Female,Americas,Electronics,103.55,2025-04-11,C,5,1
2268,39,Female,Africa,Home,85.16,2025-11-29,B,1,0
2269,63,Female,Africa,Toys,95.14,2024-12-04,C,2,1
2270,44,Male,Americas,Home,5.0,2024-12-06,A,4,0
2271,22,Male,Americas,Home,87.25,2025-09-25,A,3,1
2272,35,Female,Asia,Clothing,108.84,2025-02-16,A,2,0
2273,59,Female,Africa,Electronics,82.21,2025-08-02,C,5,0
2274,50,Female,Europe,Home,97.73,2025-10-02,A,1,0
2275,51,Female,Asia,Home,41.54,2024-12-06,B,1,0
2276,43,Male,Europe,Clothing,111.51,2024-12-24,A,3,0
2277,60,Female,Asia,Home,77.16,2025-10-02,A,4,0
2278,62,Female,Americas,Clothing,79.36,2025-07-01,B,1,1
2279,18,Female,Europe,Home,62.36,2024-12-15,B,4,0
2280,22,Female,Americas,Electronics,34.35,2025-02-12,B,2,0
2281,57,Male,Americas,Electronics,27.82,2025-04-13,C,4,0
2282,24,Female,Europe,Toys,28.62,2025-09-01,C,4,0
2283,21,Female,Asia,Electronics,66.88,2025-02-19,A,5,0
2284,63,Female,Africa,Home,95.05,2025-03-12,A,1,1
2285,42,Male,Americas,Home,19.14,2025-06-14,B,5,0
2286,37,Female,Americas,Toys,44.23,2025-03-03,B,1,1
2287,60,Female,Europe,Electronics,64.17,2025-09-20,B,1,0
2288,29,Male,Europe,Clothing,129.87,2025-11-18,B,5,0
2289,28,Male,Americas,Clothing,79.28,2025-10-17,C,5,0
2290,46,Female,Africa,Electronics,57.14,2025-02-24,C,4,0
2291,56,Male,Americas,Electronics,19.47,2025-02-26,C,5,0
2292,52,Other,Africa,Electronics,15.17,2025-06-26,B,3,0
2293,23,Male,Asia,Electronics,41.04,2025-07-25,C,4,0
2294,49,Female,Africa,Clothing,45.85,2024-12-20,C,1,0
2295,38,Female,Americas,Toys,57.2,2025-11-15,B,5,0
2296,60,Female,Europe,Clothing,5.0,2025-05-07,C,3,0
2297,45,Female,Americas,Clothing,151.76,2025-11-05,A,3,0
2298,42,Female,Asia,Clothing,55.41,2025-06-17,A,5,0
2299,21,Female,Americas,Toys,84.26,2025-05-21,A,4,0
2300,25,Male,Asia,Toys,57.97,2025-01-21,A,3,0
2301,22,Female,Europe,Toys,52.63,2025-01-24,A,2,1
2302,59,Female,Europe,Clothing,32.67,2025-01-10,B,4,1
2303,46,Female,Europe,Clothing,40.52,2025-07-04,B,4,0
2304,28,Female,Europe,Clothing,105.85,2025-04-17,B,1,0
2305,56,Female,Africa,Home,46.2,2024-12-20,C,4,0
2306,65,Female,Europe,Toys,55.63,2025-07-31,A,3,0
2307,62,Male,Africa,Home,49.33,2025-03-31,A,2,0
2308,22,Male,Asia,Toys,65.45,2025-04-24,C,5,0
2309,60,Female,Americas,Clothing,43.71,2025-01-09,C,5,0
2310,64,Male,Europe,Home,61.04,2025-03-10,A,1,1
2311,62,Male,Asia,Electronics,97.53,2025-03-25,A,4,0
2312,41,Male,Americas,Toys,87.12,2025-08-17,A,4,0
2313,45,Female,Europe,Home,86.09,2025-05-28,C,4,0
2314,52,Other,Europe,Home,73.59,2025-07-02,C,4,0
2315,62,Female,Americas,Toys,87.96,2025-06-28,C,2,1
2316,65,Other,Americas,Toys,35.62,2024-12-29,C,3,0
2317,18,Male,Africa,Clothing,70.57,2025-02-17,C,5,0
2318,63,Female,Europe,Home,120.2,2025-01-11,C,2,0
2319,27,Female,Americas,Home,111.84,2024-12-21,A,5,0
2320,33,Female,Africa,Electronics,102.97,2025-09-07,A,3,0
2321,46,Male,Americas,Clothing,148.82,2025-03-22,C,2,0
2322,58,Male,Americas,Home,86.42,2025-06-13,B,4,0
2323,51,Male,Africa,Toys,74.15,2025-08-13,B,1,0
2324,38,Male,Asia,Electronics,87.25,2025-06-28,A,3,0
2325,61,Male,Americas,Toys,181.46,2025-08-24,A,3,0
2326,48,Male,Europe,Clothing,149.23,2025-01-16,B,5,0
2327,20,Other,Americas,Electronics,8.85,2025-02-03,C,4,0
2328,50,Male,Europe,Home,53.82,2025-09-16,B,2,0
2329,49,Male,Americas,Toys,33.8,2025-09-02,B,5,0
2330,67,Male,Europe,Home,71.99,2025-03-26,B,2,0
2331,33,Female,Asia,Home,97.29,2025-09-12,A,1,1
2332,43,Female,Asia,Toys,44.35,2025-03-21,B,3,1
2333,24,Male,Asia,Home,83.22,2025-02-05,C,3,0
2334,57,Female,Asia,Clothing,38.15,2025-05-19,B,5,0
2335,32,Female,Asia,Electronics,47.05,2025-02-21,A,1,0
2336,23,Male,Americas,Home,6.96,2025-06-03,C,2,0
2337,33,Female,Americas,Electronics,159.66,2025-03-22,A,1,0
2338,43,Male,Asia,Clothing,73.02,2025-06-18,C,2,0
2339,53,Male,Asia,Clothing,143.55,2025-02-13,B,2,0
2340,54,Male,Americas,Home,137.52,2025-11-14,C,2,0
2341,48,Other,Americas,Clothing,52.43,2025-11-09,A,2,0
2342,67,Male,Asia,Electronics,104.82,2025-04-23,C,2,0
2343,49,Female,Europe,Home,66.18,2024-12-23,A,4,1
2344,25,Female,Europe,Home,142.53,2025-05-02,B,5,0
2345,34,Female,Americas,Electronics,92.9,2025-04-18,A,4,0
2346,57,Male,Africa,Toys,91.16,2025-02-18,C,1,0
2347,30,Male,Europe,Toys,59.96,2025-07-21,B,4,0
2348,44,Female,Asia,Electronics,111.31,2025-02-26,C,5,0
2349,52,Male,Asia,Toys,188.25,2025-02-13,C,5,0
2350,29,Male,Asia,Clothing,102.48,2025-02-12,B,2,0
2351,30,Male,Africa,Home,152.83,2025-02-02,A,1,1
2352,38,Other,Europe,Clothing,69.15,2025-07-22,B,2,0
2353,47,Male,Europe,Electronics,118.08,2025-06-18,A,5,1
2354,47,Female,Europe,Toys,46.38,2025-06-21,B,1,0
2355,28,Male,Europe,Clothing,90.32,2025-10-22,B,2,0
2356,29,Male,Asia,Toys,90.73,2025-11-02,C,1,0
2357,38,Female,Asia,Home,115.76,2025-10-28,A,3,0
2358,33,Male,Europe,Clothing,47.33,2025-07-10,A,3,0
2359,44,Other,Africa,Clothing,122.97,2025-02-28,C,3,0
2360,18,Other,Europe,Home,5.0,2025-08-05,A,2,0
2361,41,Male,Asia,Clothing,145.68,2025-06-08,B,2,0
2362,53,Female,Europe,Electronics,55.93,2025-08-17,B,1,0
2363,55,Female,Americas,Toys,66.78,2025-07-09,B,3,0
2364,50,Male,Africa,Clothing,17.96,2025-10-04,B,2,0
2365,63,Male,Africa,Electronics,118.2,2025-08-09,C,1,0
2366,47,Female,Asia,Toys,131.72,2025-03-29,C,1,1
2367,55,Male,Asia,Home,116.13,2025-05-26,C,4,0
2368,48,Male,Asia,Toys,103.58,2025-11-01,C,2,0
2369,56,Other,Americas,Clothing,87.21,2025-09-30,C,4,0
2370,32,Male,Europe,Electronics,41.19,2025-05-01,A,4,0
2371,58,Female,Africa,Home,103.28,2025-03-06,A,4,1
2372,51,Female,Americas,Clothing,48.4,2025-11-19,C,4,0
2373,47,Female,Africa,Home,5.0,2025-06-28,A,5,1
2374,42,Male,Asia,Clothing,112.86,2025-06-25,B,2,0
2375,29,Female,Asia,Electronics,138.78,2025-02-01,B,1,0
2376,22,Male,Africa,Electronics,48.49,2025-05-16,C,3,0
2377,23,Female,Africa,Electronics,89.32,2024-12-17,B,3,0
2378,37,Male,Europe,Home,140.4,2025-10-03,C,5,0
2379,48,Female,Europe,Clothing,56.45,2025-08-16,A,3,0
2380,52,Male,Europe,Toys,36.24,2025-07-21,A,1,0
2381,21,Other,Americas,Toys,100.11,2025-11-10,C,4,1
2382,23,Male,Americas,Home,78.15,2025-08-19,B,1,1
2383,63,Female,Asia,Electronics,66.37,2025-09-22,C,4,0
2384,43,Male,Asia,Electronics,44.55,2025-02-18,C,3,0
2385,59,Female,Asia,Clothing,38.79,2025-04-21,A,3,1
2386,55,Male,Asia,Clothing,24.77,2025-10-24,C,5,1
2387,64,Female,Europe,Home,123.13,2025-05-30,B,2,0
2388,64,Female,Africa,Electronics,75.2,2025-05-17,A,5,0
2389,52,Female,Americas,Electronics,63.31,2024-12-04,A,1,3
2390,48,Male,Asia,Electronics,90.85,2025-04-06,B,4,0
2391,45,Male,Europe,Toys,16.84,2025-03-14,B,4,0
2392,46,Female,Asia,Clothing,87.84,2025-09-10,B,1,0
2393,44,Female,Europe,Toys,103.71,2025-09-14,A,3,0
2394,60,Female,Asia,Toys,5.0,2025-08-26,B,1,1
2395,23,Male,Americas,Toys,144.35,2025-07-15,C,2,0
2396,50,Male,Americas,Toys,96.08,2025-04-11,C,1,0
2397,26,Male,Africa,Toys,86.76,2024-12-13,C,5,0
2398,31,Female,Americas,Electronics,43.0,2025-03-10,B,4,0
2399,38,Male,Africa,Toys,167.78,2025-10-04,C,5,0
2400,48,Male,Africa,Toys,142.77,2025-02-05,C,4,0
2401,34,Male,Asia,Clothing,49.78,2025-11-12,C,3,0
2402,40,Female,Europe,Home,48.83,2025-06-21,A,2,0
2403,43,Female,Europe,Electronics,48.02,2025-02-07,B,5,0
2404,24,Male,Asia,Toys,116.51,2025-11-18,C,5,0
2405,58,Male,Americas,Toys,26.54,2025-04-12,C,1,0
2406,53,Male,Americas,Clothing,31.58,2025-04-19,C,3,0
2407,30,Male,Asia,Home,20.81,2025-10-17,A,3,0
2408,41,Male,Africa,Electronics,109.7,2024-12-07,A,1,0
2409,62,Female,Africa,Clothing,118.47,2025-02-06,C,2,0
2410,31,Male,Africa,Clothing,112.96,2025-09-16,B,4,0
2411,39,Female,Asia,Home,130.9,2025-01-25,A,1,0
2412,27,Male,Europe,Home,83.06,2025-10-01,B,2,0
2413,52,Female,Asia,Electronics,114.02,2025-11-08,B,4,0
2414,69,Other,Africa,Home,97.73,2025-11-10,A,5,1
2415,61,Female,Americas,Toys,46.51,2025-02-12,C,4,0
2416,21,Male,Americas,Clothing,55.79,2025-07-12,C,2,1
2417,48,Male,Africa,Home,82.95,2025-10-15,A,5,0
2418,55,Female,Africa,Electronics,73.47,2024-12-26,C,1,1
2419,54,Other,Africa,Toys,59.89,2025-04-22,C,2,0
2420,21,Female,Africa,Clothing,82.84,2025-03-07,C,4,1
2421,40,Male,Europe,Clothing,21.46,2025-10-27,C,4,0
2422,67,Female,Africa,Electronics,102.12,2025-07-21,C,2,1
2423,19,Female,Europe,Electronics,91.68,2025-10-30,A,3,0
2424,41,Female,Americas,Home,57.31,2025-10-07,B,2,0
2425,41,Female,Asia,Electronics,116.19,2025-01-30,A,1,0
2426,41,Male,Americas,Home,40.08,2025-09-05,B,5,1
2427,48,Male,Europe,Home,78.14,2025-08-22,C,5,0
2428,18,Female,Asia,Electronics,21.87,2025-04-21,C,2,0
2429,31,Female,Americas,Toys,48.56,2025-03-26,A,5,0
2430,25,Female,Americas,Electronics,73.83,2025-05-16,C,2,0
2431,52,Male,Asia,Clothing,31.65,2025-02-13,C,2,0
2432,35,Female,Europe,Home,78.31,2024-12-31,B,3,0
2433,25,Male,Europe,Home,49.56,2025-03-04,A,4,0
2434,33,Male,Americas,Electronics,60.65,2025-04-30,B,4,0
2435,19,Female,Africa,Toys,58.02,2025-08-07,A,1,0
2436,35,Male,Americas,Home,201.29,2025-08-06,B,4,0
2437,52,Female,Asia,Toys,76.74,2025-10-24,B,3,0
2438,32,Female,Americas,Home,86.64,2025-08-15,C,4,0
2439,39,Female,Americas,Electronics,5.0,2025-10-01,B,5,0
2440,67,Male,Americas,Clothing,11.01,2025-07-07,B,4,1
2441,50,Female,Asia,Electronics,93.55,2025-07-15,C,4,0
2442,39,Other,Europe,Toys,56.2,2025-07-26,B,1,0
2443,20,Male,Americas,Electronics,101.11,2025-10-10,A,5,0
2444,18,Female,Americas,Home,117.26,2024-12-21,B,4,0
2445,48,Male,Asia,Home,85.95,2025-11-08,B,1,0
2446,24,Male,Europe,Toys,77.37,2025-06-20,C,2,0
2447,36,Male,Asia,Toys,103.25,2025-05-06,B,1,0
2448,49,Male,Europe,Electronics,88.75,2025-05-22,A,2,1
2449,49,Female,Asia,Clothing,67.2,2024-12-24,C,5,0
2450,33,Male,Europe,Home,68.53,2025-04-12,C,1,0
2451,60,Male,Europe,Electronics,78.03,2025-01-04,A,1,0
2452,46,Other,Asia,Electronics,91.74,2025-09-07,B,2,0
2453,27,Male,Asia,Clothing,84.28,2025-03-12,C,1,0
2454,55,Female,Europe,Clothing,74.11,2025-05-11,C,1,0
2455,59,Male,Asia,Toys,42.8,2025-04-07,B,5,0
2456,31,Female,Asia,Electronics,64.41,2025-03-11,C,4,0
2457,49,Female,Africa,Toys,10.3,2025-01-10,B,5,0
2458,19,Female,Asia,Toys,144.97,2025-01-11,A,4,0
2459,36,Male,Europe,Clothing,72.02,2025-03-16,C,4,0
2460,44,Male,Asia,Toys,101.93,2025-10-09,A,3,0
2461,39,Male,Americas,Toys,79.02,2025-05-15,C,4,1
2462,55,Female,Asia,Electronics,5.0,2024-12-28,A,1,0
2463,24,Female,Europe,Electronics,53.38,2025-10-01,A,1,0
2464,45,Male,Europe,Toys,111.28,2025-02-16,B,5,0
2465,51,Male,Asia,Clothing,151.54,2025-03-12,A,1,0
2466,31,Other,Africa,Clothing,63.22,2025-01-15,C,1,1
2467,18,Male,Asia,Clothing,35.1,2025-10-11,C,1,0
2468,41,Male,Americas,Clothing,34.7,2024-12-07,B,4,0
2469,19,Female,Americas,Toys,68.99,2025-07-29,C,3,0
2470,25,Male,Europe,Clothing,32.7,2025-01-07,A,3,0
2471,58,Male,Europe,Electronics,143.68,2025-09-15,A,3,1
2472,63,Male,Americas,Toys,49.29,2025-03-24,A,1,0
2473,69,Female,Americas,Home,179.46,2025-06-09,B,1,1
2474,30,Female,Africa,Electronics,90.48,2025-06-09,C,1,0
2475,38,Female,Europe,Home,129.66,2025-06-25,A,1,0
2476,41,Female,Europe,Clothing,97.46,2025-04-23,B,3,0
2477,27,Male,Africa,Electronics,153.4,2025-04-08,B,2,0
2478,68,Female,Africa,Clothing,136.9,2025-06-25,A,1,0
2479,22,Male,Americas,Home,76.79,2025-07-07,C,4,0
2480,49,Female,Europe,Toys,88.92,2025-03-10,A,5,1
2481,27,Female,Africa,Clothing,88.34,2025-11-06,C,1,1
2482,34,Other,Africa,Toys,156.26,2025-02-17,A,4,0
2483,42,Other,Asia,Home,62.48,2025-08-18,B,2,0
2484,46,Male,Asia,Home,120.03,2025-06-14,C,2,0
2485,32,Male,Europe,Clothing,97.11,2025-03-24,C,3,0
2486,59,Male,Asia,Electronics,5.0,2025-04-16,C,3,0
2487,69,Male,Americas,Clothing,107.33,2025-07-15,A,4,1
2488,18,Female,Europe,Electronics,100.73,2025-10-07,A,1,0
2489,66,Female,Europe,Clothing,61.28,2025-01-15,B,4,0
2490,65,Male,Europe,Clothing,84.64,2025-11-18,C,4,1
2491,48,Female,Europe,Clothing,34.43,2025-06-12,A,2,1
2492,49,Female,Africa,Home,83.37,2025-03-18,C,2,0
2493,38,Female,Europe,Electronics,75.13,2024-12-26,B,1,1
2494,41,Female,Asia,Toys,84.66,2025-09-23,A,1,0
2495,66,Female,Americas,Clothing,63.94,2025-04-25,A,2,0
2496,34,Male,Americas,Home,159.79,2025-10-14,B,1,0
2497,39,Female,Africa,Clothing,55.97,2025-03-01,B,3,1
2498,20,Male,Americas,Toys,60.92,2025-11-09,A,1,0
2499,41,Female,Africa,Home,68.83,2024-12-15,B,3,1
2500,41,Male,Asia,Electronics,103.09,2025-07-17,B,5,0
2501,49,Female,Americas,Toys,32.84,2025-07-09,C,3,0
2502,56,Female,Asia,Clothing,15.18,2025-09-11,B,4,1
2503,18,Male,Africa,Clothing,80.76,2025-06-06,B,2,0
2504,20,Other,Asia,Toys,72.72,2025-08-30,A,4,0
2505,58,Male,Europe,Clothing,51.26,2025-02-23,C,4,1
2506,52,Female,Asia,Clothing,100.72,2025-03-05,A,1,0
2507,18,Male,Asia,Clothing,46.07,2025-08-20,B,4,1
2508,42,Male,Asia,Clothing,156.14,2025-02-25,C,1,0
2509,55,Male,Africa,Clothing,61.84,2025-02-22,B,3,0
2510,48,Female,Africa,Toys,86.16,2025-06-13,B,2,0
2511,22,Female,Africa,Toys,81.83,2025-03-07,B,1,0
2512,37,Other,Africa,Toys,47.54,2025-05-03,A,3,0
2513,18,Female,Americas,Clothing,85.17,2025-08-29,B,4,1
2514,19,Female,Americas,Clothing,5.0,2025-07-30,A,2,0
2515,65,Male,Americas,Electronics,101.47,2025-06-08,B,2,1
2516,32,Female,Africa,Electronics,92.3,2025-09-01,A,1,1
2517,55,Male,Europe,Electronics,48.09,2025-04-17,B,4,0
2518,57,Female,Africa,Toys,56.55,2025-05-03,A,2,0
2519,42,Other,Africa,Clothing,137.28,2025-07-14,C,2,0
2520,43,Female,Americas,Electronics,58.55,2025-02-16,C,2,0
2521,52,Male,Africa,Electronics,37.43,2025-04-17,B,3,0
2522,52,Male,Americas,Toys,119.2,2025-09-11,B,4,0
2523,69,Female,Europe,Clothing,54.92,2025-05-26,B,5,0
2524,38,Male,Africa,Home,38.57,2024-12-29,B,1,0
2525,48,Male,Asia,Home,22.98,2025-06-14,C,3,0
2526,54,Female,Asia,Toys,44.94,2025-04-26,C,3,0
2527,21,Male,Asia,Toys,13.27,2024-12-31,B,4,0
2528,55,Male,Americas,Toys,78.86,2025-05-24,A,1,0
2529,63,Male,Asia,Home,114.89,2025-04-14,A,1,0
2530,34,Female,Americas,Clothing,110.51,2024-12-12,C,4,0
2531,25,Female,Asia,Electronics,5.0,2025-04-24,C,3,0
2532,25,Male,Asia,Clothing,73.62,2025-07-16,B,5,0
2533,30,Female,Americas,Clothing,83.4,2025-05-09,B,3,0
2534,41,Other,Africa,Toys,7.82,2025-08-12,A,3,0
2535,53,Female,Americas,Clothing,23.95,2025-11-17,C,5,0
2536,66,Female,Africa,Home,70.35,2025-07-10,C,5,0
2537,60,Female,Africa,Toys,132.47,2025-05-13,B,5,1
2538,40,Male,Americas,Home,100.95,2025-05-10,A,4,0
2539,43,Other,Europe,Toys,5.0,2025-08-29,A,5,0
2540,26,Male,Americas,Electronics,63.35,2025-10-22,C,4,0
2541,51,Female,Europe,Electronics,60.86,2025-01-30,C,3,0
2542,30,Male,Europe,Home,61.55,2025-10-13,B,2,1
2543,68,Male,Americas,Toys,89.77,2025-09-01,A,4,0
2544,19,Male,Asia,Electronics,129.95,2025-07-14,C,2,0
2545,63,Female,Asia,Home,39.92,2025-03-19,C,5,0
2546,43,Female,Asia,Electronics,55.15,2025-03-23,B,2,0
2547,64,Male,Africa,Clothing,133.52,2025-01-01,A,5,0
2548,21,Male,Europe,Toys,185.14,2025-01-23,B,1,0
2549,21,Other,Americas,Toys,83.51,2025-03-31,C,5,0
2550,65,Male,Asia,Clothing,114.91,2025-05-07,B,4,0
2551,35,Male,Africa,Home,102.04,2025-05-07,A,5,0
2552,45,Female,Asia,Electronics,80.47,2025-09-07,C,3,1
2553,37,Other,Americas,Electronics,5.0,2025-01-06,B,4,0
2554,49,Male,Asia,Clothing,118.95,2025-02-23,C,3,0
2555,32,Other,Asia,Home,35.89,2025-09-03,B,4,1
2556,20,Male,Americas,Home,161.27,2025-05-26,C,3,0
2557,59,Female,Asia,Home,89.36,2025-05-24,C,1,0
2558,20,Female,Americas,Toys,69.83,2025-04-09,A,5,2
2559,53,Male,Asia,Electronics,46.33,2025-11-20,B,5,0
2560,65,Male,Americas,Home,81.23,2025-01-07,B,5,1
2561,38,Female,Europe,Electronics,45.44,2025-04-06,C,1,0
2562,66,Female,Americas,Home,95.78,2025-02-12,C,3,0
2563,41,Female,Asia,Electronics,80.74,2025-11-04,B,5,0
2564,21,Other,Europe,Electronics,116.86,2025-06-26,A,1,0
2565,68,Male,Americas,Toys,109.4,2024-12-17,C,5,1
2566,51,Female,Africa,Home,79.94,2025-04-18,B,4,0
2567,21,Female,Asia,Toys,80.15,2025-03-28,A,4,1
2568,63,Female,Europe,Home,74.35,2025-10-04,C,5,1
2569,33,Male,Asia,Electronics,84.66,2025-07-03,A,3,0
2570,39,Male,Africa,Electronics,72.78,2025-10-03,A,3,0
2571,53,Other,Europe,Home,26.1,2025-07-10,B,1,0
2572,27,Female,Europe,Home,62.08,2025-11-17,A,1,0
2573,32,Male,Americas,Toys,44.64,2025-05-17,A,1,0
2574,45,Female,Asia,Home,60.11,2025-08-15,A,4,1
2575,23,Male,Europe,Toys,87.41,2025-04-03,C,2,0
2576,39,Female,Africa,Electronics,156.56,2025-03-19,C,4,0
2577,41,Other,Europe,Electronics,137.01,2025-09-17,C,5,0
2578,36,Female,Americas,Electronics,89.2,2024-12-02,A,5,0
2579,63,Female,Africa,Electronics,85.67,2025-01-30,A,1,0
2580,22,Male,Americas,Toys,120.53,2024-12-24,A,4,1
2581,58,Female,Africa,Toys,72.73,2025-11-19,A,2,0
2582,40,Female,Africa,Electronics,36.23,2025-03-23,B,1,0
2583,29,Male,Americas,Home,40.33,2025-06-15,A,5,0
2584,69,Female,Americas,Electronics,38.66,2025-06-21,A,4,0
2585,38,Male,Europe,Toys,81.06,2025-10-19,B,1,0
2586,56,Male,Europe,Home,84.85,2024-12-21,C,4,0
2587,31,Female,Europe,Electronics,112.07,2025-09-03,C,2,0
2588,35,Female,Europe,Clothing,84.15,2025-09-12,C,1,0
2589,54,Female,Europe,Clothing,85.1,2025-09-11,C,4,1
2590,49,Female,Africa,Toys,15.8,2025-10-09,B,2,0
2591,44,Other,Europe,Clothing,49.34,2025-01-11,A,5,0
2592,42,Other,Africa,Electronics,112.46,2024-12-04,B,3,1
2593,34,Female,Asia,Electronics,100.81,2025-05-03,C,5,0
2594,25,Other,Asia,Toys,98.28,2025-01-02,A,1,0
2595,62,Female,Americas,Home,47.65,2025-05-12,C,5,0
2596,42,Male,Europe,Home,125.05,2025-04-15,B,4,2
2597,45,Female,Americas,Toys,37.52,2025-10-20,C,1,0
2598,26,Female,Americas,Home,114.23,2025-09-23,C,2,0
2599,59,Female,Africa,Toys,5.0,2025-06-11,B,2,0
2600,41,Female,Americas,Electronics,54.77,2025-03-23,B,3,1
2601,40,Male,Africa,Toys,115.57,2025-08-14,C,1,0
2602,52,Male,Europe,Electronics,62.22,2024-12-11,A,4,1
2603,22,Male,Africa,Home,12.94,2025-05-14,B,2,0
2604,36,Female,Americas,Toys,123.46,2025-02-09,C,5,1
2605,35,Female,Europe,Toys,141.22,2025-01-25,C,2,0
2606,37,Male,Africa,Home,97.97,2025-11-08,C,3,0
2607,24,Male,Asia,Toys,81.84,2025-02-27,C,1,0
2608,51,Other,Africa,Electronics,152.4,2025-09-08,C,2,0
2609,25,Female,Europe,Toys,110.53,2024-12-22,C,1,0
2610,30,Male,Europe,Home,55.9,2025-08-05,B,3,0
2611,69,Female,Africa,Electronics,57.01,2025-01-28,A,5,1
2612,48,Female,Americas,Toys,62.03,2025-08-17,C,2,0
2613,64,Female,Africa,Toys,65.91,2025-03-27,B,1,1
2614,60,Male,Americas,Electronics,114.51,2024-12-30,A,3,0
2615,59,Male,Asia,Clothing,27.3,2025-07-19,C,3,1
2616,51,Male,Asia,Clothing,60.83,2025-09-08,B,1,0
2617,69,Male,Americas,Toys,26.98,2025-07-26,A,2,0
2618,61,Male,Americas,Clothing,63.2,2025-11-24,B,4,0
2619,37,Other,Africa,Clothing,22.32,2025-03-26,B,3,0
2620,27,Other,Africa,Home,113.52,2025-10-05,B,5,0
2621,51,Female,Asia,Clothing,90.37,2025-11-21,C,2,2
2622,34,Female,Europe,Toys,19.96,2025-03-20,C,4,0
2623,53,Female,Europe,Clothing,121.24,2025-09-20,C,1,0
2624,47,Male,Asia,Clothing,85.77,2025-08-24,A,1,3
2625,41,Male,Africa,Electronics,84.92,2025-11-30,B,1,0
2626,55,Female,Americas,Toys,76.63,2025-11-08,A,5,0
2627,32,Female,Africa,Home,91.29,2025-10-11,A,3,0
2628,23,Female,Europe,Home,163.22,2025-11-08,A,1,1
2629,33,Other,Asia,Home,93.31,2024-12-04,A,2,2
2630,54,Male,Americas,Electronics,66.56,2025-03-22,B,2,0
2631,62,Male,Americas,Toys,93.47,2025-03-22,A,5,0
2632,21,Female,Asia,Clothing,109.82,2025-08-24,C,3,0
2633,66,Male,Americas,Home,85.47,2025-09-27,A,1,0
2634,41,Other,Europe,Toys,111.07,2025-04-10,B,1,0
2635,50,Female,Africa,Home,99.69,2024-12-04,C,5,0
2636,64,Male,Americas,Clothing,34.09,2025-05-17,B,4,1
2637,37,Female,Europe,Electronics,71.32,2025-11-30,A,2,0
2638,58,Other,Americas,Toys,76.94,2025-07-04,C,2,0
2639,62,Male,Africa,Clothing,40.9,2025-05-20,A,4,0
2640,38,Male,Europe,Home,48.94,2025-04-20,C,2,0
2641,26,Female,Americas,Toys,5.0,2025-10-07,C,5,0
2642,67,Female,Europe,Home,115.75,2025-03-25,B,1,0
2643,26,Female,Americas,Home,103.09,2025-11-15,C,1,0
2644,19,Female,Africa,Home,5.0,2025-11-10,C,5,0
2645,67,Other,Americas,Electronics,43.7,2025-10-31,C,3,0
2646,22,Male,Africa,Electronics,5.0,2025-05-17,A,2,0
2647,20,Other,Asia,Clothing,78.44,2025-01-25,B,2,0
2648,32,Male,Africa,Clothing,71.59,2025-03-29,B,2,0
2649,65,Female,Africa,Home,132.51,2025-10-12,A,5,0
2650,23,Male,Asia,Home,54.78,2025-10-12,A,4,1
2651,61,Female,Africa,Home,55.54,2025-09-03,A,2,1
2652,38,Male,Africa,Electronics,19.8,2025-10-14,A,1,0
2653,26,Male,Asia,Clothing,72.98,2025-01-24,C,5,0
2654,62,Male,Asia,Clothing,119.36,2025-09-17,A,1,0
2655,28,Male,Europe,Home,83.49,2025-03-08,B,5,0
2656,18,Male,Europe,Home,90.27,2025-06-05,C,2,0
2657,43,Male,Asia,Electronics,82.11,2025-09-11,B,1,0
2658,19,Male,Europe,Clothing,108.43,2025-10-20,A,3,0
2659,38,Other,Americas,Electronics,110.94,2025-03-11,C,1,1
2660,49,Female,Americas,Home,39.84,2025-02-07,B,4,0
2661,66,Female,Africa,Toys,58.42,2025-09-09,B,2,1
2662,49,Female,Americas,Clothing,96.9,2025-04-04,B,2,0
2663,63,Female,Americas,Clothing,75.85,2025-05-21,C,4,0
2664,52,Male,Europe,Electronics,30.66,2025-10-12,C,5,1
2665,18,Male,Americas,Toys,39.25,2025-06-01,C,5,0
2666,37,Male,Europe,Toys,102.99,2025-06-03,C,3,0
2667,19,Female,Africa,Clothing,134.3,2025-04-28,C,5,1
2668,40,Male,Africa,Home,151.25,2025-08-30,C,5,0
2669,42,Other,Americas,Home,5.0,2025-10-25,A,4,1
2670,21,Male,Europe,Toys,67.19,2025-05-29,A,2,0
2671,51,Other,Asia,Electronics,81.97,2024-12-08,B,3,0
2672,47,Female,Americas,Clothing,40.63,2024-12-18,C,4,0
2673,31,Male,Europe,Home,146.18,2024-12-27,C,4,0
2674,19,Male,Americas,Toys,71.39,2025-05-29,C,5,0
2675,19,Male,Americas,Electronics,5.0,2025-01-14,A,5,0
2676,66,Male,Americas,Toys,129.11,2025-02-21,A,2,0
2677,64,Other,Europe,Toys,81.95,2025-03-02,C,2,0
2678,39,Female,Asia,Home,71.98,2025-01-24,B,5,0
2679,31,Female,Americas,Home,55.99,2025-09-11,A,5,0
2680,28,Female,Africa,Clothing,36.01,2025-06-28,A,4,0
2681,19,Female,Europe,Electronics,60.27,2025-05-07,A,5,0
2682,25,Male,Europe,Clothing,111.59,2025-02-04,A,4,0
2683,67,Female,Africa,Electronics,136.16,2025-06-19,B,3,1
2684,53,Male,Europe,Toys,55.95,2025-07-03,A,4,0
2685,40,Female,Africa,Home,85.71,2025-11-30,A,3,0
2686,33,Female,Europe,Toys,101.37,2025-05-31,C,3,0
2687,19,Female,Americas,Home,36.63,2025-01-05,A,3,0
2688,67,Other,Americas,Home,5.0,2025-08-24,C,2,0
2689,41,Male,Europe,Electronics,28.57,2025-08-27,B,4,1
2690,45,Male,Asia,Home,58.32,2025-02-20,C,4,0
2691,38,Female,Africa,Home,17.76,2025-09-09,C,4,0
2692,41,Male,Asia,Electronics,111.23,2025-04-17,B,1,0
2693,32,Male,Europe,Clothing,84.93,2025-10-20,C,2,1
2694,31,Male,Americas,Toys,58.29,2025-05-23,B,3,0
2695,25,Female,Asia,Toys,31.75,2025-05-15,B,1,0
2696,58,Female,Asia,Electronics,5.0,2025-09-22,B,3,0
2697,38,Female,Europe,Electronics,83.04,2025-08-27,B,3,1
2698,22,Male,Americas,Electronics,110.12,2025-04-15,A,4,1
2699,28,Female,Africa,Clothing,94.84,2025-08-26,A,4,0
2700,46,Male,Africa,Toys,131.75,2025-11-11,C,5,0
2701,22,Female,Europe,Toys,93.72,2025-04-12,C,3,0
2702,45,Other,Asia,Electronics,78.69,2025-04-15,B,3,0
2703,33,Female,Africa,Clothing,67.8,2025-03-16,B,2,0
2704,56,Male,Americas,Toys,125.71,2025-07-01,C,2,0
2705,29,Other,Asia,Toys,80.08,2025-02-07,A,4,0
2706,35,Male,Asia,Toys,85.84,2025-11-14,C,3,0
2707,52,Male,Europe,Electronics,127.06,2025-01-25,C,5,0
2708,33,Male,Americas,Electronics,126.4,2025-09-27,C,5,0
2709,37,Female,Asia,Electronics,54.2,2025-09-16,B,5,0
2710,58,Other,Africa,Toys,78.74,2025-04-25,C,1,1
2711,52,Female,Americas,Toys,115.43,2025-03-10,B,1,2
2712,22,Male,Americas,Home,91.22,2025-06-05,A,3,0
2713,62,Male,Europe,Toys,62.15,2025-03-04,B,1,0
2714,32,Female,Africa,Clothing,53.85,2025-03-17,C,3,0
2715,21,Female,Asia,Home,19.79,2025-11-20,C,2,1
2716,51,Male,Africa,Home,130.7,2025-03-09,C,5,0
2717,19,Female,Asia,Clothing,70.06,2025-10-07,A,5,1
2718,67,Male,Asia,Clothing,35.37,2024-12-03,C,3,0
2719,19,Male,Asia,Home,32.13,2025-11-13,C,4,0
2720,61,Female,Europe,Clothing,53.86,2025-05-22,C,4,0
2721,21,Male,Asia,Home,78.61,2025-10-05,B,4,0
2722,23,Female,Americas,Electronics,46.46,2025-05-17,B,5,0
2723,63,Male,Americas,Clothing,33.78,2025-05-06,B,4,0
2724,55,Male,Africa,Electronics,74.05,2025-07-01,B,5,0
2725,24,Other,Africa,Electronics,46.49,2025-11-13,B,4,0
2726,23,Male,Asia,Clothing,84.02,2025-04-17,A,3,0
2727,48,Other,Africa,Clothing,106.61,2025-08-05,C,2,0
2728,23,Male,Europe,Home,42.2,2025-10-18,A,5,0
2729,46,Female,Americas,Electronics,54.96,2025-04-23,A,2,0
2730,37,Female,Europe,Toys,152.57,2025-02-05,A,1,0
2731,40,Male,Africa,Home,94.27,2025-05-10,C,2,0
2732,41,Female,Americas,Toys,103.02,2025-06-26,C,4,0
2733,26,Male,Asia,Clothing,72.92,2025-10-09,A,2,0
2734,35,Male,Europe,Toys,146.71,2025-07-17,B,5,0
2735,63,Female,Africa,Home,63.39,2025-05-17,C,4,0
2736,25,Male,Europe,Toys,139.23,2025-04-08,C,5,0
2737,42,Male,Americas,Toys,53.2,2025-06-11,A,5,0
2738,58,Female,Americas,Clothing,59.8,2025-09-27,A,1,0
2739,32,Male,Asia,Electronics,68.37,2024-12-27,A,2,1
2740,46,Female,Asia,Electronics,26.92,2024-11-30,B,2,1
2741,52,Female,Africa,Clothing,27.45,2025-09-05,B,2,0
2742,31,Female,Africa,Home,61.05,2025-11-14,A,2,0
2743,45,Male,Africa,Toys,102.93,2025-05-14,A,2,1
2744,34,Female,Americas,Electronics,138.66,2025-07-29,A,3,0
2745,32,Male,Africa,Electronics,125.43,2025-09-12,B,2,2
2746,50,Female,Europe,Home,5.0,2025-10-23,B,4,0
2747,20,Other,Americas,Home,89.38,2025-01-11,C,3,0
2748,32,Male,Africa,Home,10.47,2025-02-27,A,2,0
2749,55,Female,Asia,Home,5.0,2025-06-21,B,1,0
2750,67,Male,Asia,Clothing,74.98,2025-10-12,A,1,0
2751,42,Female,Asia,Clothing,66.8,2025-09-05,C,2,0
2752,46,Male,Asia,Clothing,112.02,2025-04-29,C,4,0
2753,32,Male,Europe,Clothing,5.08,2025-11-24,A,1,0
2754,60,Female,Asia,Clothing,5.0,2025-11-08,C,3,0
2755,68,Male,Africa,Clothing,94.93,2025-10-13,B,4,0
2756,32,Male,Africa,Clothing,61.47,2025-11-30,A,1,0
2757,18,Male,Africa,Clothing,85.75,2025-01-06,B,3,0
2758,50,Male,Asia,Clothing,94.96,2025-09-24,B,4,0
2759,32,Male,Africa,Electronics,142.74,2025-05-30,B,2,0
2760,61,Male,Europe,Toys,91.9,2025-04-28,C,1,0
2761,46,Male,Americas,Clothing,68.21,2025-10-24,A,5,0
2762,60,Other,Europe,Electronics,56.61,2025-05-30,A,1,0
2763,44,Female,Americas,Toys,102.99,2025-05-15,A,1,0
2764,61,Other,Africa,Home,5.0,2025-06-14,C,1,0
2765,30,Female,Asia,Electronics,65.86,2025-02-19,A,5,0
2766,36,Female,Asia,Home,134.71,2025-07-27,B,5,1
2767,36,Male,Americas,Clothing,36.65,2025-05-04,B,1,0
2768,29,Male,Asia,Home,78.64,2024-12-07,C,3,0
2769,61,Female,Europe,Electronics,97.73,2025-11-20,A,3,0
2770,54,Female,Americas,Home,5.0,2025-10-11,A,3,0
2771,58,Other,Africa,Electronics,131.72,2025-01-27,B,5,0
2772,66,Female,Americas,Clothing,63.15,2024-12-11,B,5,0
2773,23,Female,Africa,Electronics,127.07,2025-01-05,B,5,1
2774,47,Male,Americas,Toys,20.1,2025-10-14,B,5,0
2775,28,Male,Asia,Electronics,33.91,2025-11-27,A,3,0
2776,49,Female,Europe,Home,61.4,2025-08-02,C,3,0
2777,42,Male,Americas,Clothing,78.6,2025-05-06,A,3,0
2778,29,Male,Europe,Electronics,44.43,2025-09-28,A,5,0
2779,36,Female,Americas,Toys,44.67,2024-12-03,C,3,0
2780,38,Female,Asia,Home,108.82,2025-06-07,A,3,0
2781,66,Male,Asia,Clothing,94.03,2024-12-04,B,1,1
2782,26,Female,Asia,Home,68.5,2025-08-16,A,4,0
2783,48,Male,Africa,Home,177.45,2025-08-01,A,1,0
2784,66,Female,Americas,Toys,75.42,2025-04-20,B,4,1
2785,32,Female,Asia,Home,14.78,2024-12-09,A,5,0
2786,45,Female,Africa,Electronics,108.71,2025-09-23,C,5,0
2787,38,Male,Asia,Home,117.15,2025-05-30,A,2,2
2788,43,Male,Africa,Clothing,5.0,2025-08-31,A,1,0
2789,66,Male,Africa,Home,119.12,2025-08-29,A,5,1
2790,40,Male,Asia,Toys,50.33,2025-02-22,B,4,0
2791,53,Female,Americas,Home,89.14,2025-10-09,A,4,2
2792,37,Female,Americas,Home,101.3,2025-04-14,C,5,1
2793,44,Female,Africa,Electronics,143.96,2025-11-11,B,5,0
2794,54,Female,Europe,Toys,105.36,2025-02-21,B,1,0
2795,51,Male,Africa,Home,115.2,2025-08-17,C,3,1
2796,24,Male,Africa,Clothing,78.13,2025-03-07,C,1,1
2797,25,Male,Europe,Toys,129.88,2025-05-03,B,5,0
2798,27,Female,Europe,Clothing,143.04,2025-10-08,A,2,0
2799,51,Female,Americas,Clothing,63.82,2025-07-27,B,1,0
2800,56,Female,Africa,Home,59.51,2025-08-07,A,1,0
2801,62,Female,Europe,Home,108.23,2024-12-25,B,1,0
2802,48,Male,Europe,Home,43.2,2025-03-26,A,1,0
2803,50,Male,Europe,Electronics,116.51,2025-01-28,C,2,0
2804,40,Female,Asia,Electronics,132.81,2025-10-23,C,2,0
2805,48,Female,Asia,Home,78.1,2025-01-03,B,5,0
2806,52,Female,Americas,Home,92.59,2025-03-15,A,1,0
2807,37,Male,Europe,Toys,57.08,2025-11-27,C,1,0
2808,27,Female,Africa,Clothing,70.18,2025-05-17,B,3,0
2809,60,Male,Africa,Electronics,120.32,2025-04-08,A,4,0
2810,22,Male,Africa,Toys,55.8,2025-08-08,B,2,0
2811,63,Male,Asia,Electronics,43.68,2025-04-11,A,3,0
2812,25,Other,Asia,Home,68.49,2025-02-08,B,4,0
2813,68,Female,Europe,Toys,66.73,2025-07-26,A,1,0
2814,58,Male,Africa,Clothing,61.71,2025-01-04,C,5,0
2815,27,Female,Asia,Electronics,49.31,2025-11-23,B,5,0
2816,60,Male,Africa,Clothing,69.1,2025-08-12,B,3,0
2817,32,Female,Europe,Clothing,110.95,2025-07-03,A,1,0
2818,19,Female,Africa,Clothing,109.65,2025-04-18,A,3,1
2819,58,Female,Americas,Clothing,91.83,2025-06-06,C,5,0
2820,31,Other,Europe,Clothing,109.98,2025-07-21,C,2,0
2821,49,Female,Europe,Clothing,5.0,2025-04-26,C,2,0
2822,46,Male,Americas,Electronics,36.18,2025-09-08,C,1,0
2823,42,Male,Americas,Clothing,150.85,2025-08-14,B,1,1
2824,20,Male,Americas,Electronics,116.17,2025-03-08,B,3,0
2825,26,Female,Americas,Home,56.74,2025-10-27,C,1,1
2826,45,Male,Americas,Toys,79.98,2025-10-25,B,5,0
2827,52,Female,Asia,Electronics,77.31,2025-06-12,C,1,1
2828,49,Male,Asia,Clothing,84.2,2025-10-02,C,1,0
2829,19,Male,Europe,Electronics,5.0,2025-03-28,B,5,0
2830,48,Male,Africa,Home,80.24,2025-03-17,C,3,0
2831,35,Male,Asia,Clothing,98.4,2025-02-02,B,5,1
2832,50,Male,Asia,Home,5.11,2024-12-01,A,5,1
2833,58,Male,Europe,Toys,110.53,2025-03-31,B,2,0
2834,45,Male,Europe,Clothing,130.87,2025-01-11,A,4,0
2835,38,Other,Africa,Electronics,73.54,2025-05-25,C,1,0
2836,45,Male,Asia,Home,76.63,2025-07-20,C,3,0
2837,34,Female,Europe,Electronics,82.05,2025-07-24,B,1,0
2838,32,Female,Africa,Toys,38.5,2025-07-22,C,2,0
2839,69,Male,Europe,Toys,46.03,2025-06-12,C,3,0
2840,69,Male,Africa,Home,60.24,2025-03-01,A,1,0
2841,50,Female,Europe,Toys,41.0,2025-07-01,A,5,0
2842,47,Male,Asia,Electronics,35.57,2025-04-16,C,2,0
2843,27,Other,Africa,Electronics,94.86,2025-07-06,B,4,1
2844,46,Female,Africa,Toys,5.0,2025-05-29,B,4,0
2845,41,Male,Africa,Home,71.07,2025-11-20,C,4,0
2846,21,Male,Americas,Home,77.49,2025-02-09,B,4,0
2847,47,Other,Americas,Electronics,36.74,2025-07-17,A,4,1
2848,55,Male,Europe,Home,5.0,2025-08-29,A,1,0
2849,33,Female,Asia,Electronics,101.79,2025-05-02,A,3,0
2850,28,Female,Africa,Electronics,53.12,2025-10-06,C,3,0
2851,43,Female,Americas,Electronics,93.97,2025-05-16,B,1,1
2852,51,Female,Americas,Electronics,47.47,2025-08-26,C,4,0
2853,66,Male,Africa,Home,5.0,2025-08-03,B,2,0
2854,24,Other,Africa,Home,62.53,2025-02-03,B,5,1
2855,38,Female,Asia,Home,96.94,2025-03-29,C,3,0
2856,43,Male,Africa,Clothing,137.74,2025-10-13,B,5,1
2857,47,Male,Americas,Clothing,94.42,2025-07-15,B,2,0
2858,44,Male,Americas,Home,107.77,2025-10-16,A,1,0
2859,20,Male,Africa,Electronics,87.41,2025-02-08,B,4,0
2860,38,Female,Asia,Home,85.15,2025-02-23,C,3,0
2861,51,Male,Americas,Toys,90.92,2025-04-14,A,3,0
2862,64,Male,Asia,Toys,104.39,2025-10-26,C,1,0
2863,64,Other,Europe,Toys,128.04,2025-05-15,B,2,0
2864,57,Other,Africa,Clothing,116.75,2025-07-27,A,2,0
2865,65,Female,Europe,Electronics,71.2,2025-04-06,A,3,0
2866,63,Female,Asia,Toys,58.08,2025-11-03,B,4,0
2867,48,Female,Asia,Electronics,130.78,2025-02-03,A,2,0
2868,60,Male,Americas,Home,51.92,2025-03-12,C,3,2
2869,42,Female,Africa,Home,33.36,2025-05-06,B,2,0
2870,51,Male,Americas,Toys,134.72,2025-06-12,C,1,0
2871,39,Other,Asia,Electronics,41.97,2025-05-24,B,1,0
2872,30,Male,Americas,Toys,77.78,2025-03-13,B,2,0
2873,42,Male,Asia,Electronics,72.63,2025-02-05,A,4,1
2874,44,Male,Africa,Clothing,70.03,2025-10-24,A,4,1
2875,25,Female,Asia,Electronics,71.91,2025-08-21,C,3,0
2876,67,Female,Africa,Electronics,120.39,2025-01-11,C,1,0
2877,22,Male,Asia,Clothing,5.0,2025-07-19,B,2,0
2878,49,Male,Americas,Toys,25.82,2025-01-06,A,4,0
2879,45,Female,Europe,Home,75.14,2025-08-22,A,3,0
2880,29,Female,Asia,Home,56.23,2025-09-24,C,1,1
2881,49,Female,Africa,Electronics,104.37,2025-05-28,C,5,0
2882,29,Male,Asia,Home,104.04,2025-05-11,C,5,0
2883,42,Female,Africa,Toys,81.29,2025-02-17,B,1,0
2884,58,Female,Asia,Electronics,96.8,2025-03-28,C,5,0
2885,63,Male,Europe,Toys,74.79,2024-12-21,C,1,0
2886,56,Female,Africa,Toys,71.49,2024-12-12,A,2,1
2887,49,Female,Africa,Clothing,45.73,2025-09-21,C,5,0
2888,27,Male,Europe,Electronics,67.31,2025-06-28,B,2,0
2889,60,Male,Africa,Toys,21.33,2025-05-27,B,5,0
2890,47,Male,Americas,Electronics,92.42,2025-11-07,B,2,0
2891,61,Other,Europe,Clothing,52.42,2025-09-11,A,5,0
2892,44,Other,Asia,Toys,57.63,2025-06-20,B,4,1
2893,25,Female,Africa,Clothing,74.76,2025-09-27,C,1,1
2894,62,Male,Americas,Clothing,77.43,2025-01-16,B,4,0
2895,29,Female,Asia,Electronics,86.89,2025-04-08,C,1,0
2896,18,Male,Asia,Electronics,79.22,2025-06-29,B,1,0
2897,30,Female,Americas,Electronics,43.93,2025-11-22,A,3,1
2898,24,Female,Europe,Electronics,50.59,2025-05-15,A,1,0
2899,50,Female,Asia,Electronics,51.46,2025-08-01,C,4,0
2900,18,Female,Asia,Toys,50.6,2025-05-18,A,3,0
2901,52,Male,Europe,Toys,114.89,2025-07-21,B,2,0
2902,39,Male,Africa,Home,98.1,2025-04-10,A,2,0
2903,30,Female,Africa,Toys,113.59,2025-03-29,B,2,1
2904,36,Female,Africa,Clothing,40.71,2025-04-02,B,3,0
2905,34,Other,Americas,Home,34.56,2025-03-29,C,4,0
2906,43,Male,Europe,Clothing,130.1,2025-10-30,C,3,0
2907,27,Female,Americas,Toys,5.0,2025-09-05,B,1,1
2908,38,Male,Asia,Home,64.7,2024-12-23,A,4,1
2909,40,Male,Americas,Home,71.71,2025-01-19,C,2,0
2910,29,Male,Africa,Toys,102.29,2024-12-28,B,3,0
2911,60,Female,Asia,Toys,8.09,2025-02-13,A,2,0
2912,44,Male,Asia,Electronics,88.1,2025-07-16,C,4,0
2913,19,Female,Americas,Electronics,57.87,2025-03-13,B,2,0
2914,29,Female,Asia,Toys,21.19,2025-02-02,C,3,0
2915,48,Female,Asia,Clothing,43.13,2025-02-28,B,1,0
2916,49,Male,Europe,Clothing,87.07,2024-12-25,B,5,1
2917,41,Male,Africa,Electronics,119.8,2025-11-07,C,4,1
2918,60,Male,Americas,Home,84.71,2025-04-01,C,2,0
2919,61,Female,Europe,Home,39.65,2025-03-12,B,3,0
2920,43,Male,Africa,Clothing,166.21,2025-06-04,B,1,0
2921,44,Male,Americas,Electronics,110.02,2025-01-28,A,1,1
2922,37,Female,Europe,Clothing,5.0,2025-10-10,C,1,0
2923,41,Female,Asia,Clothing,36.79,2025-06-17,A,1,1
2924,58,Female,Africa,Toys,8.36,2025-03-22,B,5,0
2925,52,Female,Asia,Clothing,17.25,2025-10-11,B,2,0
2926,50,Female,Asia,Home,94.77,2024-12-09,B,1,0
2927,34,Male,Americas,Home,35.13,2025-09-08,C,5,0
2928,36,Male,Africa,Home,170.69,2025-10-27,A,1,0
2929,51,Male,Americas,Home,57.74,2025-07-10,C,4,0
2930,44,Female,Americas,Electronics,152.94,2025-02-06,B,5,0
2931,60,Female,Americas,Toys,5.0,2025-10-02,A,5,0
2932,33,Female,Europe,Toys,74.3,2025-06-19,C,4,1
2933,27,Male,Asia,Electronics,5.0,2025-09-03,A,4,0
2934,59,Male,Africa,Clothing,29.6,2025-08-01,B,3,0
2935,56,Female,Asia,Clothing,88.42,2025-06-08,C,5,0
2936,47,Female,Africa,Electronics,47.14,2025-08-23,B,1,0
2937,43,Female,Europe,Home,86.68,2025-08-14,B,5,0
2938,66,Male,Africa,Home,196.61,2025-11-12,C,4,0
2939,48,Female,Asia,Home,81.11,2024-12-21,A,1,2
2940,26,Male,Americas,Home,72.76,2025-04-30,B,4,0
2941,31,Male,Asia,Clothing,5.0,2025-01-29,A,4,0
2942,41,Male,Asia,Home,77.45,2024-12-11,A,4,0
2943,19,Male,Africa,Clothing,63.51,2025-04-26,B,3,0
2944,24,Female,Americas,Toys,5.0,2025-10-01,A,2,0
2945,33,Female,Americas,Clothing,98.59,2025-01-07,A,5,0
2946,27,Female,Asia,Home,5.0,2025-05-10,C,3,1
2947,37,Female,Africa,Home,75.64,2025-09-18,B,4,0
2948,69,Male,Asia,Home,26.31,2024-12-05,C,3,0
2949,60,Male,Asia,Toys,139.21,2025-10-10,A,2,0
2950,23,Female,Asia,Clothing,19.62,2025-05-13,B,3,0
2951,52,Male,Americas,Electronics,46.23,2025-01-14,A,4,0
2952,30,Female,Europe,Clothing,32.37,2025-04-03,A,4,0
2953,35,Other,Africa,Electronics,122.84,2024-12-29,B,3,0
2954,18,Male,Asia,Home,10.31,2025-06-09,A,3,0
2955,28,Male,Africa,Electronics,12.14,2025-11-30,C,5,1
2956,62,Female,Americas,Electronics,69.39,2025-04-17,B,2,0
2957,40,Female,Europe,Clothing,28.85,2025-07-21,A,3,1
2958,68,Male,Americas,Toys,62.76,2025-05-22,B,3,1
2959,26,Female,Asia,Home,46.82,2025-09-14,A,5,0
2960,19,Male,Asia,Home,53.46,2025-06-14,A,5,1
2961,29,Male,Asia,Home,5.0,2025-03-12,B,4,0
2962,40,Male,Asia,Home,132.31,2025-08-09,A,2,1
2963,47,Male,Americas,Home,5.0,2025-06-05,B,3,0
2964,40,Female,Asia,Toys,51.23,2025-04-21,B,5,1
2965,59,Other,Asia,Home,7.48,2025-05-14,C,4,1
2966,60,Male,Americas,Electronics,62.31,2025-05-05,C,5,0
2967,30,Female,Americas,Toys,128.79,2025-01-11,B,5,0
2968,18,Male,Americas,Home,136.92,2024-12-21,C,2,0
2969,48,Female,Americas,Clothing,54.7,2025-05-19,A,3,0
2970,64,Female,Africa,Electronics,74.02,2025-01-07,A,5,0
2971,42,Female,Africa,Electronics,12.47,2025-10-17,C,2,0
2972,62,Other,Europe,Toys,109.92,2025-07-21,B,1,0
2973,59,Female,Asia,Clothing,106.56,2025-03-03,A,5,0
2974,29,Other,Americas,Electronics,93.68,2025-07-16,A,2,0
2975,44,Male,Asia,Clothing,58.5,2025-11-25,C,3,0
2976,53,Female,Africa,Electronics,5.0,2024-12-17,B,1,0
2977,28,Male,Africa,Home,15.54,2025-06-28,A,3,0
2978,53,Other,Asia,Electronics,80.23,2025-01-23,C,2,1
2979,29,Female,Asia,Toys,150.25,2025-02-14,C,3,0
2980,41,Female,Americas,Clothing,116.89,2025-09-22,A,3,1
2981,22,Other,Europe,Home,47.44,2025-01-16,C,3,0
2982,48,Other,Africa,Electronics,44.78,2025-08-13,A,5,0
2983,42,Female,Africa,Toys,72.07,2025-07-08,A,4,0
2984,44,Female,Asia,Toys,66.33,2025-08-19,A,1,0
2985,21,Female,Europe,Home,5.0,2025-10-16,A,5,1
2986,25,Female,Asia,Electronics,7.15,2025-09-10,A,2,0
2987,64,Female,Africa,Electronics,116.39,2025-11-20,A,4,0
2988,68,Male,Africa,Home,41.69,2025-06-29,C,4,0
2989,52,Male,Americas,Home,130.96,2025-04-13,B,2,0
2990,23,Male,Europe,Toys,5.0,2025-01-24,C,3,0
2991,39,Male,Europe,Electronics,100.17,2025-07-20,C,4,0
2992,23,Other,Europe,Clothing,73.55,2024-12-26,A,2,2
2993,60,Female,Asia,Electronics,40.23,2024-12-02,A,3,0
2994,63,Other,Asia,Home,68.41,2025-01-19,B,3,0
2995,25,Male,Americas,Electronics,58.84,2025-04-25,C,4,0
2996,53,Male,Asia,Home,101.28,2025-05-21,A,1,0
2997,62,Male,Africa,Toys,52.01,2025-11-05,A,3,0
2998,29,Male,Americas,Electronics,28.58,2024-12-25,C,2,0
2999,53,Male,Europe,Home,73.92,2025-08-15,A,4,1
3000,29,Male,Africa,Home,116.65,2025-02-10,A,1,0
